Fan_ID,Fan_Type,Age,Gender,Income_Level,STM_Holder,Attendance_Trend,Distance_to_Arena_Miles,Lifetime_Concessions_Spend,Lifetime_Retail_Spend,Lifetime_Games_Attended,Lifetime_Ticket_Units,Lifetime_Ticket_Spend,Total_Engagement_Score
1,Alumni,64,Non-binary,2,No,Decreasing,1.0,263.25,567.0,27,27,2666.25,66.24
2,General Fan,29,Female,3,No,Stable,25.9,34.85,46.0,2,2,230.0,60.86
3,General Fan,33,Non-binary,3,Yes,Stable,13.5,2583.0,1428.0,84,84,4032.0,51.83
4,Alumni,41,Female,3,No,Stable,6.4,352.6,216.0,8,16,1020.0,42.1
5,Student,22,Male,1,No,Increasing,1.94,200.0,0.0,8,24,630.0,21.06
6,Student,21,Non-binary,1,No,Stable,0.36,57.0,57.0,3,3,52.5,39.34
7,Student,21,Male,1,No,Decreasing,1.64,5.0,12.0,1,3,86.25,21.34
8,General Fan,38,Female,3,No,Decreasing,30.9,191.68,308.0,11,22,1760.0,45.07
9,General Fan,34,Male,3,No,Increasing,24.6,602.7,576.0,12,36,1350.0,19.54
10,General Fan,40,Female,2,No,Stable,9.2,394.88,198.0,9,27,2430.0,21.85
11,Student,20,Female,2,No,Stable,1.84,974.03,481.0,37,148,4255.0,14.01
12,General Fan,33,Female,3,No,Increasing,23.3,590.4,228.0,12,84,9870.0,44.46
13,General Fan,23,Female,3,Yes,Decreasing,15.9,3527.03,2418.0,93,279,9486.0,69.6
14,Student,21,Male,1,No,Stable,1.17,45.0,66.0,3,3,60.0,31.59
15,Student,20,Male,1,No,Increasing,2.23,0.0,30.0,3,9,180.0,58.94
16,Student,21,Male,1,No,Stable,0.64,288.0,189.0,9,36,855.0,28.44
17,Alumni,42,Male,3,No,Decreasing,19.1,287.0,203.0,7,21,2572.5,64.8
18,Alumni,29,Female,2,No,Decreasing,12.1,343.2,352.0,11,33,3836.25,45.96
19,Alumni,32,Male,3,Yes,Increasing,1.0,3437.85,2150.0,86,172,6622.0,30.67
20,Student,21,Non-binary,1,No,Increasing,1.43,147.0,161.0,7,7,175.0,25.68
21,General Fan,58,Female,3,Yes,Stable,21.2,3960.6,3444.0,84,168,7056.0,89.56
22,Student,21,Female,2,No,Increasing,0.53,0.0,138.0,6,12,225.0,87.08
23,Student,19,Male,1,No,Stable,1.67,546.0,189.0,21,63,945.0,43.37
24,Alumni,64,Female,3,Yes,Increasing,25.4,2186.33,1580.0,79,79,3515.5,36.86
25,Alumni,49,Non-binary,2,No,Increasing,15.4,386.1,324.0,12,60,5550.0,38.58
26,General Fan,27,Female,2,No,Increasing,21.0,183.3,0.0,4,28,3290.0,28.2
27,Student,18,Female,2,No,Decreasing,0.66,163.8,28.0,7,28,1050.0,14.06
28,Alumni,24,Female,2,No,Stable,13.8,351.0,360.0,9,18,1102.5,38.48
29,Alumni,34,Male,2,No,Increasing,1.3,269.1,516.0,12,12,630.0,12.25
30,Student,20,Female,1,No,Increasing,1.39,301.0,860.0,43,43,591.25,42.77
31,General Fan,43,Male,2,Yes,Increasing,29.1,1719.9,4200.0,84,252,8190.0,34.99
32,Student,20,Male,1,No,Decreasing,1.2,153.0,45.0,9,18,450.0,11.94
33,Student,21,Male,1,No,Decreasing,2.03,0.0,60.0,6,6,90.0,35.78
34,General Fan,24,Male,3,No,Stable,13.6,180.4,517.0,11,11,481.25,45.45
35,General Fan,31,Male,2,No,Decreasing,8.7,113.1,172.0,4,20,625.0,22.11
36,General Fan,32,Male,3,Yes,Decreasing,16.4,3013.5,1260.0,70,140,4340.0,43.84
37,Alumni,24,Non-binary,2,No,Increasing,27.1,195.0,80.0,5,35,3018.75,63.11
38,Student,21,Female,1,No,Stable,1.24,72.0,78.0,6,24,750.0,61.34
39,General Fan,25,Non-binary,3,Yes,Increasing,30.8,2021.3,2320.0,58,174,5829.0,30.16
40,Alumni,40,Male,3,Yes,Increasing,10.9,1463.7,2584.0,68,136,5372.0,81.92
41,Student,22,Male,2,No,Decreasing,2.08,224.25,0.0,10,40,1100.0,32.33
42,Alumni,35,Female,2,No,Decreasing,21.2,175.5,0.0,10,10,1037.5,48.68
43,Student,20,Male,1,No,Decreasing,0.64,182.0,119.0,7,14,472.5,16.04
44,General Fan,47,Male,2,No,Decreasing,15.6,439.73,451.0,11,66,4785.0,32.94
45,Student,18,Female,2,No,Stable,0.85,737.1,42.0,42,42,1522.5,55.81
46,General Fan,52,Male,3,No,Increasing,17.9,533.0,720.0,20,40,3050.0,48.06
47,Alumni,35,Female,3,No,Stable,8.7,307.5,276.0,12,36,3150.0,63.6
48,Alumni,59,Female,2,No,Decreasing,1.0,859.95,672.0,21,21,2493.75,49.76
49,Alumni,56,Male,3,No,Decreasing,2.8,246.0,448.0,16,80,6300.0,49.66
50,Student,22,Male,1,No,Decreasing,1.04,532.0,570.0,38,114,3420.0,15.17
51,General Fan,31,Female,2,Yes,Increasing,7.1,1684.8,3200.0,64,64,3104.0,50.93
52,General Fan,48,Female,2,Yes,Stable,7.2,2827.5,2668.0,58,174,6438.0,39.71
53,General Fan,41,Male,2,No,Decreasing,33.0,83.85,0.0,2,12,1275.0,10.91
54,General Fan,52,Non-binary,3,No,Increasing,23.6,27.68,22.0,1,2,25.0,47.43
55,Alumni,61,Male,2,No,Decreasing,12.5,634.73,672.0,21,21,551.25,65.02
56,General Fan,62,Female,2,No,Stable,21.7,414.38,391.0,17,119,10710.0,62.79
57,Student,19,Non-binary,1,No,Decreasing,0.58,0.0,48.0,2,2,40.0,23.38
58,Student,19,Male,1,No,Stable,1.78,0.0,0.0,5,5,143.75,33.65
59,Student,20,Male,2,No,Increasing,1.79,73.13,0.0,5,10,312.5,69.92
60,Alumni,60,Male,2,No,Increasing,10.8,140.4,0.0,12,36,1215.0,25.59
61,Alumni,57,Male,3,No,Increasing,8.1,246.0,160.0,8,24,1980.0,51.65
62,Student,19,Male,1,No,Decreasing,0.38,0.0,49.0,7,14,332.5,54.11
63,General Fan,40,Female,2,No,Increasing,21.1,148.2,168.0,4,8,410.0,27.05
64,Alumni,61,Male,2,No,Increasing,1.0,583.05,575.0,23,184,14030.0,37.51
65,Student,22,Female,2,No,Stable,2.14,0.0,72.0,3,12,360.0,47.19
66,Alumni,32,Non-binary,2,No,Stable,7.2,210.6,0.0,9,27,1755.0,48.16
67,Student,20,Female,1,No,Stable,1.27,182.0,70.0,7,7,183.75,52.06
68,General Fan,46,Female,2,Yes,Increasing,23.6,2825.55,2457.0,63,126,4536.0,70.73
69,Student,22,Male,1,No,Increasing,1.59,132.0,0.0,6,24,510.0,58.01
70,General Fan,42,Female,3,No,Increasing,1.1,53.3,188.0,4,12,630.0,36.5
71,General Fan,30,Female,2,No,Stable,11.2,399.75,410.0,10,70,7700.0,60.34
72,Student,22,Male,2,No,Stable,1.01,685.43,111.0,37,148,2220.0,45.1
73,Student,21,Male,2,No,Decreasing,0.68,0.0,175.0,7,7,122.5,32.66
74,General Fan,33,Female,2,No,Increasing,8.6,300.3,165.0,11,22,2337.5,63.53
75,General Fan,62,Male,3,Yes,Decreasing,18.3,2126.88,2739.0,83,166,5229.0,32.17
76,General Fan,59,Male,3,Yes,Increasing,11.2,947.1,3773.0,77,231,10279.5,45.83
77,General Fan,61,Male,3,Yes,Increasing,19.6,2407.73,3915.0,87,87,4002.0,36.69
78,Student,19,Male,1,No,Decreasing,1.55,209.0,11.0,11,44,1595.0,24.78
79,Alumni,52,Female,2,No,Stable,9.2,778.05,609.0,21,105,12600.0,57.98
80,Student,21,Female,1,No,Increasing,1.94,0.0,8.0,2,2,45.0,53.41
81,General Fan,51,Female,2,Yes,Increasing,14.7,3057.6,2432.0,64,192,9408.0,35.19
82,General Fan,47,Male,2,No,Stable,16.2,228.15,702.0,18,144,11880.0,10.74
83,Alumni,30,Male,3,No,Increasing,19.4,98.4,164.0,4,12,750.0,41.82
84,Student,21,Female,1,No,Increasing,0.79,0.0,150.0,6,18,495.0,64.8
85,Alumni,35,Male,2,Yes,Increasing,21.5,791.7,2842.0,58,58,2291.0,14.55
86,Alumni,49,Male,2,No,Increasing,1.0,0.0,288.0,9,27,1923.75,86.61
87,General Fan,49,Female,2,No,Increasing,1.6,824.85,702.0,18,18,2227.5,16.29
88,General Fan,52,Male,2,No,Stable,36.4,491.4,720.0,18,54,3375.0,51.71
89,General Fan,56,Female,3,No,Increasing,9.9,542.23,483.0,23,46,2760.0,37.36
90,Alumni,63,Male,2,No,Decreasing,22.3,986.7,792.0,22,110,7562.5,41.05
91,Student,20,Male,1,No,Decreasing,1.95,32.0,0.0,1,3,90.0,53.55
92,General Fan,46,Male,2,Yes,Decreasing,1.0,2527.2,1377.0,81,243,11664.0,62.44
93,General Fan,61,Non-binary,3,No,Stable,26.3,793.35,756.0,18,54,2835.0,50.79
94,Alumni,33,Female,2,No,Stable,21.5,0.0,96.0,3,9,877.5,34.48
95,General Fan,61,Non-binary,2,No,Increasing,31.4,982.8,630.0,21,21,2546.25,50.11
96,Alumni,64,Female,3,No,Stable,3.2,774.9,630.0,18,18,900.0,61.05
97,Alumni,27,Male,3,No,Decreasing,29.5,304.43,333.0,9,18,1350.0,25.77
98,Alumni,47,Female,3,No,Stable,7.6,158.88,210.0,5,30,3112.5,33.32
99,Student,20,Female,1,No,Decreasing,1.37,48.0,28.0,2,2,52.5,55.48
100,Student,20,Female,2,No,Stable,1.26,358.8,272.0,16,64,1600.0,61.07
101,Student,22,Male,1,No,Stable,1.94,243.0,108.0,27,108,3780.0,27.44
102,General Fan,22,Female,2,No,Increasing,15.5,93.6,138.0,6,30,1762.5,77.51
103,Alumni,28,Male,2,No,Decreasing,1.0,225.23,242.0,11,22,2750.0,33.59
104,Alumni,47,Male,2,No,Stable,1.0,438.75,255.0,15,60,6825.0,12.62
105,General Fan,20,Female,3,Yes,Stable,17.1,1652.3,1984.0,62,186,7347.0,23.77
106,Student,20,Female,1,No,Increasing,1.34,0.0,147.0,7,14,210.0,57.38
107,Alumni,31,Male,3,No,Stable,19.0,383.35,198.0,11,11,880.0,33.62
108,General Fan,47,Male,3,No,Increasing,12.5,630.38,315.0,15,45,1518.75,20.21
109,Student,22,Female,1,No,Increasing,1.81,442.0,0.0,17,51,1211.25,72.27
110,Student,22,Female,1,No,Decreasing,1.48,182.0,112.0,7,21,708.75,46.58
111,Student,18,Female,2,No,Increasing,1.75,169.65,30.0,6,6,180.0,82.52
112,Student,20,Non-binary,2,No,Stable,1.59,906.75,31.0,31,62,2092.5,46.14
113,General Fan,18,Female,2,Yes,Increasing,10.7,2808.0,2000.0,80,160,4800.0,56.58
114,General Fan,63,Male,3,No,Stable,15.9,174.25,320.0,10,30,2437.5,32.48
115,General Fan,32,Female,2,No,Increasing,2.8,210.6,282.0,6,42,2887.5,44.11
116,General Fan,26,Male,2,Yes,Increasing,14.9,1508.33,4186.0,91,273,13377.0,65.19
117,General Fan,32,Male,2,Yes,Increasing,10.2,2344.88,1170.0,65,130,5200.0,34.34
118,Student,21,Female,1,No,Increasing,1.81,25.0,0.0,5,20,325.0,40.67
119,General Fan,21,Male,2,No,Increasing,34.8,121.88,0.0,5,10,500.0,49.11
120,Alumni,29,Non-binary,2,No,Increasing,4.2,166.73,0.0,9,72,8010.0,55.71
121,General Fan,54,Female,3,No,Decreasing,15.1,344.4,464.0,16,80,4400.0,66.27
122,General Fan,54,Female,3,No,Increasing,7.0,470.48,527.0,17,17,786.25,36.08
123,Alumni,60,Female,2,No,Decreasing,18.0,0.0,88.0,2,10,1150.0,54.73
124,Student,22,Female,1,No,Increasing,0.61,232.0,48.0,8,32,600.0,44.84
125,Student,21,Female,2,No,Stable,1.01,791.7,196.0,28,56,1260.0,57.24
126,Alumni,63,Female,2,No,Stable,35.4,493.35,418.0,11,22,2062.5,64.52
127,General Fan,41,Male,3,No,Decreasing,6.6,98.4,128.0,4,4,330.0,54.28
128,General Fan,28,Female,2,No,Increasing,27.2,351.0,348.0,12,36,3690.0,56.18
129,Student,22,Male,1,No,Increasing,0.86,63.0,161.0,7,7,96.25,44.18
130,Alumni,51,Female,3,No,Stable,30.1,599.63,225.0,15,75,8625.0,42.03
131,Alumni,42,Female,2,Yes,Increasing,16.9,686.4,1792.0,64,128,4928.0,60.05
132,Student,20,Female,2,No,Increasing,2.07,1392.3,840.0,42,126,1575.0,12.91
133,Student,22,Male,1,No,Increasing,1.55,0.0,25.0,5,5,68.75,67.91
134,Alumni,25,Male,2,Yes,Increasing,24.5,2866.5,1512.0,84,168,5712.0,65.34
135,General Fan,37,Female,2,Yes,Increasing,17.2,1716.0,3040.0,80,240,7200.0,44.22
136,Alumni,46,Male,2,No,Stable,20.0,225.23,374.0,11,11,1086.25,37.66
137,Alumni,62,Male,2,No,Increasing,11.6,0.0,0.0,5,15,975.0,71.31
138,General Fan,63,Male,3,Yes,Decreasing,6.2,4102.05,3393.0,87,261,8874.0,40.43
139,Alumni,27,Non-binary,2,No,Increasing,26.6,131.63,195.0,5,40,1500.0,64.03
140,General Fan,60,Female,3,No,Increasing,18.2,87.13,165.0,5,15,1331.25,24.79
141,General Fan,51,Male,2,No,Stable,1.0,0.0,184.0,8,24,1350.0,30.32
142,Student,19,Male,1,No,Increasing,0.92,240.0,200.0,8,8,240.0,24.47
143,Alumni,58,Male,3,No,Stable,19.9,467.4,288.0,12,12,615.0,38.09
144,Alumni,25,Female,3,No,Decreasing,11.7,341.33,405.0,9,27,2970.0,20.63
145,Student,18,Female,2,No,Increasing,1.3,0.0,0.0,3,9,292.5,26.81
146,Student,21,Male,1,No,Stable,1.79,0.0,0.0,9,36,1215.0,70.41
147,General Fan,22,Male,3,No,Increasing,13.3,46.13,15.0,1,5,537.5,21.45
148,Alumni,64,Male,2,No,Stable,22.7,491.4,588.0,14,42,1102.5,36.87
149,Student,19,Female,1,No,Increasing,0.4,693.0,825.0,33,132,2640.0,48.92
150,Student,19,Female,2,No,Stable,1.21,61.43,28.0,7,21,787.5,40.7
151,General Fan,52,Male,3,No,Increasing,16.8,603.73,950.0,19,57,3633.75,75.7
152,Student,22,Male,1,No,Decreasing,0.96,432.0,288.0,18,18,427.5,51.5
153,Student,18,Male,1,No,Stable,1.54,128.0,0.0,4,4,145.0,23.15
154,Alumni,52,Non-binary,2,Yes,Stable,16.5,643.5,2340.0,60,180,6750.0,70.89
155,General Fan,35,Male,3,No,Stable,15.9,194.75,220.0,5,10,1187.5,61.81
156,Student,22,Female,2,No,Stable,0.66,0.0,76.0,4,12,165.0,55.01
157,General Fan,41,Female,2,No,Stable,12.7,0.0,200.0,8,16,1540.0,39.73
158,General Fan,20,Male,2,No,Increasing,24.7,177.45,175.0,7,56,5110.0,35.26
159,Student,22,Male,2,No,Increasing,0.52,113.1,0.0,4,4,65.0,43.93
160,General Fan,52,Male,2,No,Increasing,14.7,157.95,306.0,9,54,6480.0,49.17
161,Alumni,55,Female,2,No,Increasing,5.6,360.75,290.0,10,30,2587.5,57.38
162,General Fan,30,Female,3,No,Increasing,3.2,172.2,184.0,8,16,680.0,42.48
163,General Fan,64,Female,3,No,Decreasing,14.2,246.0,672.0,24,48,5280.0,33.32
164,Alumni,42,Female,2,No,Increasing,16.7,546.0,266.0,14,56,6580.0,40.84
165,Student,22,Male,2,No,Decreasing,1.87,50.7,52.0,4,4,70.0,33.86
166,General Fan,21,Non-binary,2,No,Increasing,10.4,184.28,423.0,9,18,1125.0,50.37
167,Alumni,31,Female,3,No,Increasing,14.5,359.78,162.0,9,9,843.75,13.91
168,Student,21,Male,1,No,Decreasing,1.65,0.0,40.0,4,16,500.0,63.44
169,Student,19,Non-binary,1,No,Stable,0.31,120.0,0.0,8,16,300.0,38.22
170,Alumni,28,Female,3,No,Stable,19.0,196.8,192.0,12,24,1200.0,28.7
171,General Fan,58,Female,2,No,Decreasing,29.9,234.0,480.0,12,12,720.0,58.28
172,Student,21,Female,1,No,Increasing,1.36,0.0,90.0,9,36,495.0,42.83
173,Alumni,45,Female,3,No,Decreasing,18.5,196.8,80.0,4,4,465.0,29.18
174,Student,22,Female,2,No,Increasing,0.32,87.75,0.0,5,20,375.0,65.17
175,General Fan,26,Male,2,No,Increasing,17.0,105.3,423.0,9,45,2475.0,15.38
176,Student,19,Male,1,No,Decreasing,0.79,62.0,30.0,2,6,157.5,39.86
177,General Fan,42,Non-binary,2,No,Increasing,24.5,0.0,120.0,4,12,825.0,50.25
178,Alumni,51,Male,2,Yes,Increasing,23.3,2593.5,3116.0,76,228,6954.0,76.18
179,General Fan,29,Male,2,Yes,Stable,12.0,1889.55,765.0,51,153,5890.5,48.12
180,Student,20,Male,1,No,Stable,0.58,32.0,96.0,4,4,120.0,33.15
181,Alumni,26,Male,2,No,Increasing,28.3,300.3,0.0,11,88,4400.0,36.56
182,Student,22,Female,1,No,Increasing,0.42,0.0,136.0,8,8,160.0,45.84
183,General Fan,57,Non-binary,3,No,Increasing,11.8,27.68,23.0,1,3,568.75,17.39
184,General Fan,42,Male,3,Yes,Increasing,20.4,1499.58,2926.0,77,154,6237.0,21.11
185,Student,21,Male,1,No,Stable,1.61,0.0,0.0,9,18,450.0,38.44
186,General Fan,28,Male,2,Yes,Increasing,28.2,1315.28,1562.0,71,213,8839.5,36.41
187,General Fan,51,Female,3,Yes,Stable,1.0,1652.3,1426.0,62,124,5270.0,63.6
188,Alumni,41,Female,3,No,Increasing,11.0,293.15,247.0,13,91,6597.5,59.87
189,Alumni,32,Male,2,No,Stable,31.0,342.23,387.0,9,18,1732.5,20.74
190,Student,22,Female,2,No,Increasing,1.52,184.28,112.0,7,28,665.0,35.44
191,Student,18,Female,2,No,Stable,1.19,191.1,616.0,28,84,1050.0,70.96
192,General Fan,22,Female,3,No,Increasing,2.8,138.38,69.0,3,9,753.75,57.01
193,General Fan,43,Non-binary,2,Yes,Decreasing,25.7,3004.95,2948.0,67,67,2177.5,70.21
194,General Fan,35,Male,2,No,Increasing,25.1,280.8,288.0,12,84,3150.0,35.02
195,Alumni,23,Female,2,No,Increasing,1.0,0.0,0.0,1,2,42.5,20.49
196,Alumni,54,Female,2,Yes,Stable,12.0,1790.1,1428.0,68,136,6324.0,37.44
197,General Fan,30,Female,3,No,Stable,13.9,150.68,81.0,3,21,1260.0,57.88
198,General Fan,45,Female,3,No,Stable,1.0,351.58,301.0,7,56,1540.0,32.82
199,General Fan,22,Female,3,No,Decreasing,12.3,66.63,130.0,5,10,725.0,65.27
200,General Fan,30,Female,3,Yes,Stable,23.7,1008.6,1394.0,82,82,3198.0,59.41
201,General Fan,34,Male,3,No,Increasing,11.1,79.95,63.0,3,21,1548.75,50.43
202,Student,22,Female,2,No,Increasing,2.05,226.2,200.0,8,16,420.0,45.36
203,Student,19,Non-binary,1,No,Increasing,0.35,69.0,21.0,3,6,202.5,40.12
204,General Fan,49,Non-binary,2,No,Decreasing,14.9,438.75,450.0,9,18,765.0,55.59
205,General Fan,46,Male,3,No,Increasing,7.9,180.4,176.0,8,16,1940.0,49.0
206,Student,20,Male,1,No,Increasing,1.48,570.0,120.0,30,120,3150.0,22.24
207,Student,21,Male,1,No,Decreasing,1.4,391.0,374.0,17,34,1232.5,59.67
208,General Fan,51,Female,3,No,Stable,15.1,660.1,448.0,14,70,3850.0,34.76
209,Student,20,Female,1,No,Increasing,1.1,112.0,24.0,8,8,180.0,27.65
210,Student,18,Male,1,No,Increasing,1.91,0.0,20.0,2,8,220.0,40.88
211,Alumni,30,Female,3,No,Increasing,7.7,104.55,264.0,6,12,1155.0,36.96
212,General Fan,62,Female,2,No,Increasing,22.3,166.73,306.0,9,9,697.5,29.82
213,General Fan,50,Female,2,No,Increasing,16.6,185.25,155.0,5,5,300.0,35.89
214,Student,19,Female,2,No,Decreasing,0.65,0.0,90.0,5,5,131.25,54.58
215,General Fan,41,Female,3,No,Decreasing,15.4,86.1,168.0,6,18,1732.5,43.61
216,Student,22,Female,1,No,Decreasing,1.74,133.0,161.0,7,28,875.0,38.99
217,Alumni,33,Male,2,Yes,Increasing,26.8,3276.0,1890.0,70,140,6650.0,29.1
218,General Fan,57,Female,3,No,Stable,35.7,270.6,276.0,12,24,1950.0,58.8
219,General Fan,45,Female,2,Yes,Increasing,27.8,1614.6,1173.0,69,138,6141.0,30.6
220,General Fan,50,Female,2,Yes,Decreasing,1.0,2281.5,1950.0,78,78,2418.0,31.45
221,General Fan,58,Female,3,No,Stable,19.5,304.43,264.0,11,44,4895.0,59.75
222,Alumni,30,Female,3,No,Increasing,10.3,369.0,516.0,12,24,1230.0,27.83
223,Student,20,Male,2,No,Increasing,0.92,89.7,68.0,4,12,420.0,45.3
224,Alumni,62,Female,3,No,Stable,16.2,258.3,492.0,12,12,450.0,6.53
225,Student,21,Male,1,No,Increasing,2.14,112.0,14.0,7,7,236.25,10.86
226,Student,21,Male,1,No,Decreasing,1.72,700.0,168.0,28,28,945.0,35.64
227,General Fan,53,Female,2,Yes,Increasing,15.6,2492.1,1988.0,71,142,5254.0,48.74
228,Alumni,44,Non-binary,2,No,Decreasing,3.8,443.63,351.0,13,26,1690.0,42.83
229,General Fan,55,Male,2,Yes,Increasing,9.2,2948.4,2436.0,84,168,7392.0,35.0
230,General Fan,24,Male,3,Yes,Increasing,7.6,1402.2,2016.0,72,216,9072.0,14.96
231,General Fan,22,Female,3,Yes,Decreasing,1.0,1512.9,3608.0,82,246,8610.0,36.06
232,Alumni,60,Male,3,No,Increasing,1.3,492.0,600.0,12,36,4230.0,65.59
233,Alumni,62,Female,2,Yes,Increasing,12.9,3646.5,1615.0,85,170,6290.0,35.17
234,Alumni,48,Female,2,No,Increasing,29.2,248.63,0.0,17,34,2762.5,18.6
235,Student,22,Female,1,No,Increasing,0.55,0.0,80.0,8,24,810.0,38.51
236,General Fan,59,Male,3,No,Increasing,7.4,153.75,90.0,5,10,987.5,20.32
237,Student,21,Male,2,No,Increasing,0.78,239.85,902.0,41,82,1640.0,64.84
238,Student,22,Female,1,No,Stable,1.99,0.0,99.0,9,18,225.0,31.95
239,General Fan,60,Female,2,No,Increasing,26.8,46.8,200.0,4,4,440.0,62.39
240,Student,19,Male,2,No,Decreasing,1.64,0.0,168.0,8,16,480.0,46.09
241,General Fan,56,Female,3,No,Increasing,17.9,229.6,752.0,16,80,3000.0,56.63
242,General Fan,48,Male,2,No,Increasing,16.4,280.8,392.0,8,56,3850.0,38.49
243,General Fan,35,Female,2,No,Stable,9.6,504.08,473.0,11,11,481.25,21.31
244,Alumni,53,Male,2,No,Increasing,11.2,858.0,1078.0,22,154,9817.5,68.61
245,Student,21,Non-binary,1,No,Stable,1.32,1540.0,1056.0,44,88,2310.0,50.91
246,General Fan,31,Male,3,No,Increasing,11.9,127.1,200.0,4,12,510.0,56.32
247,Alumni,30,Male,3,Yes,Stable,13.4,1460.63,1200.0,75,225,9112.5,49.13
248,General Fan,46,Male,2,No,Decreasing,14.7,394.88,0.0,15,30,3187.5,37.83
249,General Fan,29,Male,2,No,Stable,9.1,0.0,261.0,9,9,1023.75,27.03
250,General Fan,56,Female,3,No,Decreasing,14.3,1108.03,506.0,23,92,7935.0,37.8
251,Student,22,Non-binary,1,No,Decreasing,1.58,25.0,95.0,5,5,150.0,75.81
252,Alumni,49,Male,2,No,Increasing,20.5,429.0,418.0,11,22,1677.5,55.29
253,General Fan,30,Male,2,No,Increasing,38.5,273.0,480.0,10,30,3150.0,39.54
254,Alumni,63,Female,2,No,Stable,9.5,407.55,572.0,22,44,5225.0,62.19
255,Student,21,Female,1,No,Increasing,0.86,594.0,324.0,27,54,1215.0,41.12
256,Alumni,58,Female,3,No,Increasing,23.5,41.0,22.0,1,3,273.75,78.98
257,General Fan,34,Male,3,Yes,Stable,27.8,1537.5,2175.0,75,75,2475.0,24.67
258,General Fan,57,Male,2,No,Increasing,12.4,695.18,966.0,23,138,9315.0,25.26
259,Alumni,48,Female,2,No,Stable,1.0,368.55,846.0,18,18,1462.5,79.69
260,Student,22,Male,1,No,Stable,2.01,0.0,15.0,1,2,70.0,39.12
261,General Fan,41,Female,2,Yes,Decreasing,16.3,789.75,1188.0,54,162,4860.0,57.07
262,General Fan,62,Male,2,No,Stable,11.5,557.7,520.0,13,39,3071.25,45.65
263,Student,22,Female,1,No,Increasing,0.7,54.0,66.0,6,18,247.5,37.66
264,Alumni,23,Male,3,No,Increasing,16.4,92.25,86.0,2,4,170.0,53.6
265,General Fan,36,Female,3,Yes,Decreasing,18.6,2706.0,1140.0,60,180,8010.0,78.84
266,General Fan,47,Female,2,Yes,Increasing,18.2,2141.1,1647.0,61,61,2043.5,65.82
267,General Fan,24,Female,2,Yes,Stable,12.8,3775.2,2112.0,88,264,11484.0,71.68
268,General Fan,27,Male,2,No,Stable,18.8,55.58,0.0,3,9,326.25,48.38
269,Alumni,58,Female,2,No,Decreasing,12.1,936.0,600.0,24,72,6480.0,16.13
270,Student,18,Female,1,No,Increasing,1.32,30.0,0.0,2,8,130.0,19.45
271,General Fan,51,Female,3,Yes,Stable,8.7,3481.93,3634.0,79,79,3278.5,18.54
272,General Fan,45,Female,2,No,Decreasing,15.7,468.0,705.0,15,30,2625.0,12.95
273,General Fan,32,Female,2,No,Decreasing,1.0,0.0,0.0,5,10,462.5,36.26
274,General Fan,47,Female,3,Yes,Increasing,11.3,3616.2,2520.0,84,252,11844.0,38.4
275,Alumni,54,Male,2,No,Stable,20.7,916.5,600.0,20,60,5550.0,46.87
276,Alumni,46,Female,2,No,Decreasing,4.7,124.8,392.0,8,24,1020.0,44.53
277,General Fan,39,Female,2,No,Stable,11.8,272.03,324.0,9,45,5625.0,54.28
278,General Fan,21,Male,2,No,Stable,1.0,175.5,0.0,6,6,180.0,56.16
279,General Fan,37,Male,2,Yes,Increasing,1.3,809.25,1909.0,83,249,7719.0,74.69
280,General Fan,49,Male,3,No,Decreasing,3.9,331.08,833.0,17,51,1976.25,76.01
281,General Fan,53,Female,2,No,Stable,16.0,54.6,164.0,4,28,2450.0,54.9
282,Alumni,23,Female,2,No,Increasing,18.3,251.55,126.0,6,12,1425.0,33.08
283,Alumni,44,Female,2,No,Stable,14.4,351.0,468.0,12,72,7560.0,24.49
284,Student,18,Female,2,No,Stable,1.0,0.0,72.0,6,6,150.0,49.57
285,Alumni,29,Male,3,Yes,Decreasing,11.2,1254.6,2448.0,51,153,6732.0,52.95
286,Student,22,Male,2,No,Stable,0.29,1360.13,765.0,45,180,6075.0,52.91
287,Alumni,34,Male,3,No,Stable,17.1,230.63,243.0,9,36,3690.0,59.7
288,Alumni,27,Male,3,No,Stable,11.7,221.4,333.0,9,9,967.5,49.85
289,Student,22,Male,2,No,Increasing,1.02,0.0,56.0,7,14,350.0,9.16
290,Alumni,39,Male,3,No,Increasing,34.5,313.65,450.0,9,27,2801.25,24.45
291,Student,21,Female,1,No,Decreasing,2.1,21.0,57.0,3,6,150.0,36.99
292,Student,18,Female,2,No,Decreasing,1.33,0.0,63.0,3,12,270.0,43.23
293,General Fan,31,Non-binary,2,No,Decreasing,45.9,210.6,360.0,9,18,742.5,30.79
294,Alumni,64,Non-binary,2,No,Stable,17.8,343.2,572.0,22,66,1815.0,59.38
295,Student,21,Female,2,No,Increasing,1.54,234.0,104.0,8,8,260.0,52.86
296,Alumni,29,Male,3,No,Decreasing,14.4,295.2,296.0,8,16,1440.0,42.65
297,General Fan,53,Female,2,No,Increasing,19.9,544.05,0.0,18,108,5535.0,47.55
298,Student,21,Female,2,No,Stable,2.09,44.85,2.0,2,8,260.0,53.75
299,General Fan,29,Male,3,Yes,Decreasing,2.6,2762.38,1925.0,77,77,2618.0,14.73
300,Student,19,Male,1,No,Increasing,1.02,70.0,0.0,2,8,200.0,17.07
301,Student,19,Female,1,No,Increasing,2.06,0.0,64.0,8,8,300.0,57.31
302,Alumni,28,Male,2,Yes,Stable,12.9,2486.25,3600.0,75,150,6600.0,52.09
303,Alumni,50,Female,2,No,Decreasing,6.0,0.0,216.0,8,16,1100.0,52.54
304,General Fan,23,Female,2,Yes,Increasing,18.4,1755.0,2430.0,90,180,7830.0,62.25
305,General Fan,64,Male,2,No,Stable,1.0,760.5,1248.0,26,26,2047.5,51.99
306,General Fan,32,Male,2,No,Stable,9.9,149.18,378.0,9,18,2047.5,25.03
307,Alumni,49,Male,3,Yes,Stable,24.7,1568.25,4230.0,90,180,6930.0,60.56
308,Alumni,28,Male,2,No,Decreasing,8.2,140.4,432.0,12,96,6000.0,28.26
309,General Fan,40,Male,2,No,Decreasing,1.0,121.88,250.0,5,5,200.0,66.82
310,Student,21,Female,2,No,Stable,0.34,772.2,880.0,44,88,1100.0,20.75
311,Alumni,51,Male,3,No,Decreasing,9.1,262.4,256.0,16,48,5340.0,52.74
312,Student,18,Female,1,No,Stable,0.35,100.0,40.0,20,80,2400.0,15.52
313,Student,18,Male,2,No,Increasing,1.03,14.63,0.0,3,3,82.5,36.75
314,General Fan,46,Non-binary,2,No,Decreasing,34.7,526.5,846.0,18,36,3780.0,57.21
315,General Fan,21,Male,2,No,Increasing,1.0,0.0,58.0,2,4,115.0,46.01
316,General Fan,34,Male,2,Yes,Increasing,13.3,2413.13,1875.0,75,75,2362.5,58.9
317,Alumni,52,Female,3,No,Increasing,11.1,461.25,396.0,9,63,4567.5,47.73
318,Student,21,Female,1,No,Increasing,1.11,44.0,0.0,2,8,170.0,13.61
319,Student,19,Male,2,No,Stable,0.36,0.0,0.0,6,6,150.0,41.6
320,Student,21,Female,1,No,Increasing,1.73,90.0,30.0,6,18,652.5,47.02
321,Alumni,32,Female,3,No,Decreasing,7.2,110.7,258.0,6,6,750.0,51.5
322,General Fan,46,Female,2,No,Stable,21.0,702.0,630.0,18,18,607.5,13.94
323,General Fan,46,Male,2,No,Decreasing,1.0,181.35,0.0,6,18,585.0,31.64
324,Student,18,Male,1,No,Increasing,1.37,93.0,12.0,3,12,180.0,65.63
325,General Fan,49,Female,3,No,Stable,1.0,147.6,138.0,6,18,2205.0,13.56
326,General Fan,19,Female,2,No,Decreasing,17.7,122.85,105.0,3,18,990.0,50.38
327,Alumni,64,Male,2,No,Stable,23.5,444.6,336.0,12,36,1305.0,31.01
328,General Fan,31,Female,2,No,Stable,2.3,25.35,42.0,1,7,125.0,20.5
329,Alumni,37,Female,2,No,Stable,21.8,177.45,504.0,14,112,4340.0,40.12
330,Student,22,Male,1,No,Decreasing,1.84,70.0,0.0,5,5,150.0,41.99
331,Alumni,28,Female,2,Yes,Increasing,11.0,3354.0,3870.0,86,258,11610.0,49.23
332,General Fan,44,Male,2,No,Decreasing,6.4,351.0,432.0,18,108,11745.0,21.43
333,Student,20,Female,1,No,Increasing,0.7,126.0,54.0,9,36,675.0,51.64
334,Student,21,Female,2,No,Stable,1.77,218.4,63.0,7,21,787.5,26.75
335,Student,19,Non-binary,1,No,Increasing,1.48,0.0,0.0,4,8,240.0,31.49
336,Student,18,Male,2,No,Increasing,1.5,87.75,0.0,3,3,48.75,31.28
337,General Fan,46,Male,3,Yes,Stable,13.5,2132.0,3840.0,80,160,4960.0,58.83
338,General Fan,38,Male,3,No,Decreasing,12.4,578.1,456.0,12,60,4800.0,45.16
339,Alumni,64,Male,2,Yes,Increasing,13.3,1950.98,2829.0,69,69,2794.5,41.89
340,Student,22,Male,1,No,Decreasing,1.04,18.0,57.0,3,9,180.0,42.18
341,Alumni,54,Non-binary,2,Yes,Stable,15.0,1632.15,2604.0,93,279,11160.0,19.68
342,Alumni,37,Male,2,No,Increasing,9.1,702.0,384.0,16,48,5580.0,44.33
343,Student,20,Male,2,No,Stable,1.26,35.1,0.0,4,16,380.0,29.68
344,Alumni,36,Female,2,No,Increasing,16.7,289.58,0.0,9,36,1035.0,40.7
345,Alumni,62,Male,2,No,Stable,18.8,643.5,600.0,15,15,1575.0,81.83
346,General Fan,20,Female,2,No,Stable,22.0,0.0,0.0,4,16,1080.0,8.84
347,General Fan,18,Male,2,Yes,Increasing,14.1,1825.2,1080.0,72,72,3204.0,51.51
348,Student,19,Female,1,No,Decreasing,2.09,23.0,0.0,1,2,50.0,68.2
349,Alumni,32,Male,2,No,Increasing,14.3,0.0,51.0,3,18,1620.0,87.02
350,General Fan,51,Male,2,No,Stable,26.9,461.18,187.0,11,11,343.75,56.35
351,Alumni,52,Non-binary,3,Yes,Decreasing,13.8,1428.85,3608.0,82,82,3034.0,55.73
352,General Fan,42,Male,2,No,Decreasing,1.0,102.38,266.0,7,21,2546.25,31.31
353,General Fan,41,Female,3,Yes,Increasing,2.1,3280.0,2000.0,80,240,11160.0,70.15
354,Student,22,Male,2,No,Increasing,1.18,52.65,18.0,2,8,190.0,63.61
355,Student,18,Male,2,No,Increasing,2.2,0.0,0.0,2,4,145.0,55.26
356,General Fan,32,Female,2,No,Increasing,21.7,112.13,0.0,5,10,687.5,43.42
357,Student,22,Male,2,No,Decreasing,0.56,0.0,54.0,9,36,1305.0,51.29
358,Alumni,33,Female,3,No,Stable,17.6,394.63,451.0,11,55,5293.75,42.3
359,General Fan,44,Non-binary,2,No,Decreasing,5.5,210.6,456.0,12,12,1455.0,57.49
360,Alumni,25,Female,3,No,Decreasing,17.6,123.0,57.0,3,18,1755.0,11.87
361,Alumni,63,Non-binary,2,Yes,Stable,15.5,3105.38,2535.0,65,195,7117.5,27.01
362,General Fan,42,Male,2,No,Stable,6.8,120.9,188.0,4,16,1000.0,66.99
363,Alumni,34,Male,3,Yes,Stable,30.6,968.63,2772.0,63,189,8977.5,80.03
364,Alumni,46,Male,2,No,Decreasing,1.0,109.2,0.0,7,21,1286.25,53.77
365,General Fan,25,Female,3,No,Increasing,13.6,43.05,44.0,2,2,122.5,16.91
366,Alumni,32,Non-binary,2,No,Increasing,6.6,0.0,0.0,2,16,840.0,85.63
367,General Fan,44,Male,2,Yes,Stable,13.3,1962.68,2013.0,61,122,3843.0,26.5
368,General Fan,63,Female,2,No,Increasing,21.0,530.4,0.0,17,136,8500.0,45.31
369,Student,20,Male,2,No,Increasing,0.48,202.8,364.0,26,26,455.0,51.9
370,Student,19,Female,1,No,Decreasing,1.84,0.0,4.0,1,1,37.5,22.86
371,Student,21,Female,1,No,Decreasing,0.48,48.0,38.0,2,4,60.0,23.04
372,Student,21,Non-binary,2,No,Decreasing,0.53,0.0,18.0,9,9,168.75,36.3
373,Student,20,Female,1,No,Increasing,0.26,90.0,0.0,6,24,540.0,68.75
374,General Fan,20,Male,3,No,Increasing,17.9,53.3,176.0,4,24,2190.0,28.29
375,Student,21,Male,1,No,Decreasing,1.02,70.0,46.0,2,2,57.5,62.6
376,Alumni,63,Male,3,Yes,Stable,21.7,2586.08,2784.0,87,87,3349.5,11.69
377,General Fan,32,Male,2,Yes,Stable,21.7,2018.25,1173.0,69,207,8176.5,52.91
378,Student,19,Male,1,No,Stable,1.95,414.0,0.0,23,23,776.25,40.41
379,General Fan,47,Female,2,No,Stable,1.0,570.38,637.0,13,13,910.0,59.76
380,Student,22,Female,1,No,Decreasing,2.16,182.0,119.0,7,7,87.5,33.26
381,Student,20,Female,1,No,Increasing,1.46,24.0,10.0,2,2,60.0,30.29
382,General Fan,34,Male,2,Yes,Decreasing,3.9,536.25,2365.0,55,110,3685.0,79.14
383,General Fan,61,Female,3,No,Decreasing,1.0,155.8,152.0,8,48,2700.0,70.37
384,General Fan,37,Female,3,No,Decreasing,33.7,118.9,132.0,4,12,1500.0,46.8
385,General Fan,53,Male,3,No,Decreasing,1.0,252.15,294.0,6,24,1980.0,45.02
386,General Fan,26,Female,2,Yes,Decreasing,11.5,2850.9,3612.0,86,258,10191.0,54.4
387,Student,20,Female,1,No,Increasing,0.7,112.0,0.0,7,14,210.0,43.12
388,Student,21,Male,1,No,Decreasing,1.71,24.0,0.0,4,16,580.0,25.32
389,General Fan,19,Female,3,No,Increasing,1.0,252.15,150.0,6,6,510.0,71.2
390,General Fan,41,Female,2,Yes,Stable,19.2,1928.55,1290.0,86,86,3569.0,36.75
391,General Fan,25,Male,2,No,Increasing,6.1,228.15,0.0,6,6,510.0,50.46
392,Alumni,28,Non-binary,2,Yes,Increasing,21.3,2223.0,1620.0,60,120,4320.0,46.69
393,Alumni,30,Female,2,Yes,Decreasing,5.9,3003.0,1925.0,77,231,8778.0,17.11
394,General Fan,34,Female,2,No,Decreasing,30.7,0.0,224.0,8,16,1920.0,37.9
395,Alumni,25,Female,2,No,Decreasing,6.0,438.75,396.0,9,72,6390.0,20.39
396,General Fan,38,Male,2,No,Increasing,1.0,163.8,540.0,12,60,2400.0,47.53
397,General Fan,35,Female,3,No,Decreasing,7.1,133.25,442.0,13,13,1121.25,28.26
398,Alumni,47,Female,2,No,Increasing,12.4,807.3,414.0,18,144,11520.0,34.81
399,General Fan,35,Male,2,No,Stable,25.8,0.0,30.0,1,8,227.5,59.66
400,General Fan,63,Female,3,No,Stable,2.4,973.75,875.0,25,25,2250.0,39.58
401,Student,21,Female,1,No,Decreasing,1.48,294.0,1050.0,42,84,2100.0,38.53
402,General Fan,48,Female,3,No,Increasing,24.6,66.63,80.0,5,10,362.5,76.15
403,Alumni,55,Male,3,No,Stable,1.2,410.0,480.0,16,32,2440.0,6.04
404,General Fan,49,Female,2,No,Increasing,13.2,163.8,0.0,12,36,3060.0,23.63
405,Alumni,28,Male,2,No,Decreasing,13.4,257.4,168.0,8,24,2190.0,36.44
406,General Fan,62,Male,3,No,Increasing,17.2,264.45,132.0,6,12,510.0,27.37
407,Alumni,42,Male,3,Yes,Stable,7.5,812.83,1830.0,61,122,3904.0,58.94
408,Student,20,Male,1,No,Increasing,1.95,0.0,0.0,2,4,130.0,34.95
409,General Fan,55,Female,2,No,Decreasing,18.3,483.6,560.0,16,48,5220.0,29.75
410,Student,21,Female,1,No,Stable,0.48,364.0,84.0,14,42,525.0,29.96
411,Alumni,25,Male,3,Yes,Decreasing,1.4,1951.6,2244.0,68,136,5372.0,62.46
412,General Fan,28,Female,2,Yes,Increasing,27.3,3270.15,4214.0,86,258,10707.0,22.42
413,General Fan,39,Female,2,Yes,Stable,19.9,2886.0,3404.0,74,148,4514.0,35.2
414,Alumni,41,Female,3,Yes,Decreasing,12.7,2970.45,1104.0,69,207,8901.0,50.91
415,General Fan,58,Male,2,No,Decreasing,22.8,377.33,207.0,9,63,6930.0,52.26
416,Alumni,34,Female,3,No,Increasing,2.3,209.1,204.0,6,30,862.5,37.49
417,Student,22,Non-binary,1,No,Decreasing,0.68,1040.0,800.0,40,80,2700.0,77.79
418,Alumni,63,Female,2,No,Decreasing,4.8,504.08,440.0,11,11,990.0,42.78
419,General Fan,49,Male,2,Yes,Increasing,1.0,3003.0,1540.0,70,140,4550.0,66.52
420,General Fan,32,Male,2,No,Increasing,10.5,117.0,400.0,10,60,7350.0,29.52
421,General Fan,33,Female,2,Yes,Stable,24.8,2040.68,3640.0,91,91,3003.0,64.01
422,General Fan,39,Non-binary,3,Yes,Increasing,17.7,861.0,1120.0,70,70,3360.0,41.09
423,Student,19,Female,2,No,Increasing,1.98,23.4,36.0,2,8,160.0,51.67
424,Alumni,37,Female,3,No,Decreasing,10.2,49.2,32.0,2,16,520.0,46.22
425,Student,20,Male,1,No,Stable,0.47,0.0,39.0,3,3,108.75,58.1
426,Alumni,27,Female,3,Yes,Increasing,1.0,3198.0,2730.0,65,130,5850.0,73.74
427,Alumni,57,Female,2,No,Decreasing,22.1,117.0,190.0,10,10,300.0,51.1
428,General Fan,49,Male,3,No,Increasing,12.7,563.75,440.0,11,11,1003.75,72.22
429,Alumni,50,Female,3,Yes,Increasing,1.1,1592.85,2886.0,74,222,10656.0,42.63
430,Student,20,Non-binary,2,No,Increasing,1.04,187.2,6.0,6,24,810.0,13.41
431,Student,21,Male,1,No,Stable,1.46,252.0,0.0,9,18,382.5,32.63
432,General Fan,50,Female,3,No,Increasing,11.2,516.6,492.0,12,24,660.0,26.46
433,General Fan,58,Male,2,No,Increasing,26.9,351.0,390.0,10,20,1900.0,32.74
434,Student,19,Female,1,No,Decreasing,0.29,17.0,18.0,1,2,27.5,41.28
435,Student,19,Female,1,No,Stable,1.85,54.0,84.0,6,18,675.0,25.86
436,General Fan,50,Female,3,No,Increasing,9.7,754.4,512.0,16,16,1500.0,45.98
437,Student,22,Female,1,No,Decreasing,1.17,21.0,72.0,3,12,165.0,21.06
438,General Fan,43,Male,2,No,Increasing,18.1,228.15,520.0,13,78,5947.5,12.94
439,General Fan,39,Non-binary,2,Yes,Decreasing,15.9,718.58,3216.0,67,134,5695.0,51.35
440,Student,22,Female,1,No,Decreasing,1.25,39.0,15.0,3,12,450.0,35.1
441,Student,19,Male,1,No,Decreasing,0.59,304.0,760.0,38,38,1282.5,99.9
442,General Fan,55,Female,2,No,Increasing,8.3,52.65,0.0,2,8,410.0,54.11
443,Alumni,56,Female,2,No,Increasing,13.2,655.2,400.0,16,128,8000.0,33.88
444,Alumni,43,Male,2,Yes,Increasing,4.0,1167.08,1449.0,63,63,2614.5,64.84
445,General Fan,63,Female,2,No,Increasing,1.0,291.53,598.0,13,13,1251.25,21.84
446,General Fan,32,Non-binary,3,No,Increasing,14.0,92.25,300.0,6,12,840.0,41.74
447,General Fan,51,Male,3,No,Stable,7.2,240.88,140.0,5,15,1125.0,58.27
448,General Fan,59,Non-binary,2,Yes,Stable,12.7,3357.9,2772.0,84,168,5880.0,32.22
449,Alumni,61,Male,2,Yes,Stable,16.0,2193.75,1800.0,90,90,3870.0,31.31
450,Student,21,Male,1,No,Stable,2.09,288.0,336.0,24,96,2040.0,21.88
451,General Fan,28,Male,3,No,Decreasing,13.8,112.75,374.0,11,11,1237.5,39.39
452,Alumni,24,Female,3,No,Stable,15.9,344.4,280.0,7,21,1863.75,61.93
453,Alumni,23,Female,2,Yes,Increasing,1.0,1813.5,2760.0,60,120,3900.0,36.0
454,General Fan,26,Male,2,No,Decreasing,4.6,117.98,231.0,11,11,742.5,47.23
455,Student,22,Male,1,No,Decreasing,0.69,48.0,57.0,3,3,71.25,40.45
456,Alumni,26,Female,3,No,Decreasing,17.1,254.2,280.0,8,24,2070.0,40.93
457,Student,20,Male,1,No,Stable,1.04,96.0,0.0,6,18,607.5,46.48
458,Alumni,48,Female,2,Yes,Increasing,19.9,1443.0,1480.0,74,74,2960.0,39.14
459,Student,21,Female,1,No,Increasing,1.43,24.0,54.0,3,6,180.0,75.64
460,Student,18,Female,2,No,Stable,1.41,580.13,0.0,17,51,1402.5,66.87
461,Student,19,Non-binary,1,No,Increasing,0.62,1131.0,234.0,39,39,731.25,46.84
462,General Fan,25,Male,2,No,Decreasing,4.4,0.0,0.0,7,7,743.75,21.15
463,General Fan,25,Non-binary,3,Yes,Stable,13.8,4383.93,3094.0,91,273,8872.5,65.77
464,Alumni,45,Female,2,Yes,Decreasing,21.1,2659.8,2604.0,62,124,4154.0,29.93
465,General Fan,37,Female,3,Yes,Decreasing,25.0,772.85,1914.0,58,116,4524.0,81.38
466,Alumni,64,Male,3,No,Increasing,1.0,133.25,260.0,13,91,8531.25,46.57
467,Student,21,Female,1,No,Increasing,1.03,40.0,25.0,5,10,312.5,47.56
468,General Fan,28,Male,3,No,Stable,6.0,418.2,564.0,12,24,2190.0,44.08
469,Student,18,Male,2,No,Decreasing,2.14,66.3,0.0,4,16,600.0,21.55
470,General Fan,33,Male,3,No,Decreasing,23.5,45.1,74.0,2,14,1382.5,69.87
471,Student,22,Female,1,No,Increasing,0.29,204.0,132.0,12,48,720.0,47.58
472,General Fan,23,Female,2,Yes,Increasing,8.2,1521.0,1872.0,78,156,5694.0,50.71
473,Student,21,Female,1,No,Stable,0.31,390.0,540.0,30,30,750.0,47.52
474,General Fan,43,Female,2,No,Increasing,9.6,468.0,800.0,16,80,4800.0,56.47
475,Alumni,23,Male,2,Yes,Decreasing,13.9,1269.45,3534.0,93,93,3906.0,56.79
476,General Fan,58,Female,2,No,Increasing,17.8,0.0,57.0,3,12,1425.0,27.34
477,Student,20,Male,2,No,Decreasing,1.71,477.75,210.0,14,14,472.5,32.05
478,Alumni,31,Female,3,Yes,Stable,28.2,2838.23,2911.0,71,71,2946.5,63.72
479,General Fan,28,Female,3,No,Decreasing,28.6,116.85,144.0,3,12,675.0,43.25
480,Alumni,35,Female,2,No,Increasing,32.9,343.2,128.0,8,24,1500.0,35.95
481,General Fan,29,Female,2,No,Decreasing,35.9,111.15,0.0,3,15,1012.5,39.7
482,General Fan,40,Male,2,No,Stable,22.1,87.75,387.0,9,27,2970.0,43.57
483,Alumni,29,Female,3,No,Decreasing,11.5,322.88,432.0,9,18,1732.5,24.35
484,General Fan,30,Female,2,Yes,Stable,13.0,4436.25,3731.0,91,182,5824.0,35.73
485,Alumni,42,Female,2,No,Decreasing,12.1,482.63,165.0,11,66,2062.5,55.97
486,General Fan,62,Male,3,No,Stable,11.0,1037.3,968.0,22,44,5280.0,41.25
487,Student,19,Female,2,No,Decreasing,0.29,278.85,286.0,13,26,357.5,46.77
488,Student,20,Female,1,No,Increasing,0.61,255.0,375.0,15,15,356.25,48.24
489,General Fan,53,Male,3,No,Increasing,24.7,294.18,217.0,7,14,1732.5,39.84
490,General Fan,62,Male,2,No,Increasing,21.8,912.6,384.0,24,48,2760.0,60.04
491,Alumni,25,Female,3,Yes,Stable,4.0,1691.25,1254.0,66,132,5148.0,25.62
492,General Fan,46,Female,3,No,Stable,1.0,143.5,238.0,7,56,4970.0,26.94
493,Student,19,Male,1,No,Decreasing,0.47,0.0,0.0,6,24,780.0,62.4
494,Student,18,Male,1,No,Increasing,0.89,88.0,128.0,8,16,260.0,21.5
495,Alumni,35,Male,3,Yes,Increasing,16.3,1199.25,2665.0,65,130,5070.0,20.55
496,Alumni,23,Male,2,No,Stable,8.5,89.7,60.0,4,32,2320.0,48.72
497,Alumni,35,Female,3,No,Decreasing,22.0,377.2,264.0,8,8,430.0,56.84
498,Student,20,Female,2,No,Increasing,1.91,900.9,693.0,33,132,4785.0,24.57
499,General Fan,39,Female,2,Yes,Decreasing,17.6,4032.6,1496.0,88,176,5368.0,70.14
500,General Fan,54,Female,3,No,Increasing,16.2,590.4,512.0,16,96,11760.0,59.66
501,General Fan,49,Male,3,Yes,Increasing,12.3,2941.75,1260.0,70,70,2835.0,18.12
502,Alumni,58,Female,2,No,Decreasing,5.2,0.0,96.0,3,3,315.0,47.09
503,Alumni,26,Female,2,Yes,Increasing,17.1,2252.25,3150.0,70,70,3220.0,42.62
504,General Fan,45,Non-binary,2,No,Stable,9.1,218.4,0.0,8,56,5670.0,61.91
505,General Fan,27,Female,3,No,Increasing,1.6,133.25,160.0,5,30,2287.5,25.95
506,Student,19,Male,1,No,Increasing,1.19,203.0,175.0,7,21,761.25,62.29
507,General Fan,46,Female,2,No,Increasing,17.4,136.5,686.0,14,28,2170.0,39.76
508,General Fan,32,Male,2,No,Stable,24.0,48.75,0.0,1,8,50.0,45.76
509,General Fan,50,Female,3,No,Decreasing,21.0,350.55,608.0,19,38,4512.5,53.0
510,General Fan,24,Male,2,No,Decreasing,23.0,125.78,0.0,3,9,337.5,33.2
511,General Fan,29,Male,2,No,Increasing,7.3,302.25,480.0,10,30,2775.0,56.96
512,Alumni,47,Female,2,Yes,Increasing,18.3,1404.0,2160.0,72,72,3024.0,65.09
513,General Fan,38,Male,3,No,Decreasing,15.0,34.85,41.0,1,6,292.5,48.98
514,General Fan,48,Female,2,No,Stable,33.1,282.75,490.0,10,10,425.0,57.75
515,Student,22,Male,1,No,Stable,1.19,315.0,63.0,21,21,708.75,55.79
516,Student,18,Female,1,No,Increasing,0.23,49.0,21.0,7,14,455.0,24.37
517,Alumni,54,Female,2,No,Decreasing,3.4,307.13,133.0,7,28,2485.0,8.94
518,General Fan,21,Female,3,No,Stable,16.4,98.4,258.0,6,42,3150.0,43.19
519,General Fan,45,Male,2,No,Increasing,17.9,234.0,230.0,10,60,5550.0,43.71
520,Student,21,Male,1,No,Stable,0.72,546.0,0.0,21,63,1890.0,61.18
521,Alumni,37,Male,2,Yes,Increasing,19.5,1404.0,1080.0,60,120,5040.0,42.41
522,Alumni,41,Male,2,No,Stable,17.3,46.8,188.0,4,12,1140.0,57.79
523,General Fan,49,Female,2,No,Stable,25.1,0.0,0.0,8,16,1840.0,52.24
524,General Fan,58,Non-binary,3,Yes,Stable,27.1,2306.25,3600.0,90,90,3780.0,32.46
525,General Fan,53,Female,2,No,Decreasing,15.9,432.9,0.0,12,24,2460.0,51.71
526,Alumni,51,Female,2,Yes,Increasing,4.6,2702.7,2838.0,66,132,5478.0,66.24
527,Alumni,53,Female,2,Yes,Stable,6.7,2488.2,2992.0,88,264,13068.0,64.42
528,Student,21,Female,1,No,Increasing,1.86,1232.0,792.0,44,44,825.0,60.76
529,Student,22,Male,1,No,Increasing,1.62,494.0,494.0,26,26,617.5,65.94
530,General Fan,51,Non-binary,2,No,Stable,32.5,240.83,475.0,19,57,4488.75,40.05
531,General Fan,53,Female,3,No,Stable,20.0,157.85,224.0,7,7,831.25,12.56
532,General Fan,23,Female,2,Yes,Stable,22.5,2927.93,1820.0,91,182,8918.0,61.88
533,General Fan,56,Male,2,Yes,Increasing,24.4,2445.3,1520.0,76,228,9462.0,53.29
534,Alumni,59,Male,3,No,Stable,2.8,230.63,225.0,15,75,9375.0,34.64
535,General Fan,29,Female,2,No,Stable,18.1,0.0,240.0,8,40,3250.0,39.91
536,General Fan,20,Female,3,No,Increasing,2.6,23.58,22.0,1,2,165.0,49.48
537,General Fan,62,Female,3,No,Increasing,12.2,301.35,182.0,7,49,2940.0,53.56
538,Student,21,Male,1,No,Increasing,2.14,714.0,0.0,21,84,1260.0,75.63
539,Alumni,57,Non-binary,3,No,Increasing,4.7,77.9,54.0,2,2,115.0,51.97
540,Student,18,Male,1,No,Stable,2.14,0.0,0.0,2,8,120.0,41.7
541,General Fan,32,Male,2,No,Decreasing,1.0,386.1,261.0,9,9,450.0,8.17
542,General Fan,50,Male,2,No,Stable,26.4,163.8,0.0,12,72,3510.0,25.55
543,Student,18,Female,1,No,Stable,2.01,42.0,63.0,7,14,472.5,38.72
544,General Fan,43,Non-binary,2,No,Increasing,4.7,124.8,0.0,4,12,1230.0,38.47
545,General Fan,25,Male,2,Yes,Stable,1.0,1684.8,2016.0,72,72,2304.0,32.17
546,Alumni,53,Female,2,Yes,Decreasing,9.2,1419.6,3731.0,91,91,3230.5,35.96
547,Student,20,Male,1,No,Stable,1.43,30.0,54.0,3,6,82.5,42.55
548,General Fan,40,Non-binary,2,No,Increasing,9.5,409.5,645.0,15,15,900.0,36.28
549,Alumni,59,Female,3,No,Stable,26.0,645.75,690.0,15,15,431.25,66.29
550,General Fan,61,Female,3,Yes,Increasing,13.1,2609.65,3149.0,67,67,3350.0,12.01
551,Alumni,31,Male,3,Yes,Increasing,3.2,1476.0,3384.0,72,216,6804.0,23.73
552,General Fan,31,Non-binary,3,No,Stable,17.3,225.5,250.0,5,15,1162.5,53.73
553,Alumni,34,Female,2,Yes,Increasing,16.4,3391.05,2146.0,74,74,2997.0,75.89
554,Alumni,54,Male,2,No,Decreasing,34.6,0.0,76.0,4,4,150.0,50.49
555,General Fan,22,Female,2,No,Decreasing,22.9,0.0,72.0,3,6,360.0,34.62
556,Alumni,55,Male,2,No,Stable,18.1,296.4,768.0,16,128,9920.0,40.01
557,Student,20,Female,1,No,Increasing,0.79,864.0,459.0,27,27,506.25,72.62
558,Student,21,Male,1,No,Increasing,1.69,63.0,27.0,9,18,427.5,55.3
559,General Fan,64,Female,3,No,Increasing,14.2,1156.2,888.0,24,24,1110.0,42.8
560,General Fan,31,Female,3,Yes,Decreasing,11.6,1635.9,3420.0,76,228,10032.0,46.62
561,General Fan,56,Male,3,No,Increasing,1.0,498.15,702.0,18,18,1507.5,40.04
562,Student,19,Male,1,No,Increasing,1.44,115.0,65.0,5,5,162.5,45.1
563,Student,21,Male,2,No,Increasing,0.39,298.35,204.0,17,17,595.0,31.8
564,Student,20,Female,1,No,Increasing,0.94,812.0,420.0,28,112,1820.0,15.56
565,Alumni,56,Male,3,No,Decreasing,9.5,848.7,270.0,18,36,1755.0,67.26
566,Alumni,23,Female,3,Yes,Stable,16.5,3394.8,3528.0,72,216,8748.0,46.16
567,Alumni,34,Male,3,No,Increasing,14.6,123.0,232.0,8,24,2130.0,37.92
568,Alumni,42,Male,3,No,Decreasing,10.9,141.45,198.0,6,18,1845.0,57.46
569,General Fan,45,Female,2,Yes,Decreasing,8.0,2121.6,1344.0,64,128,4480.0,20.03
570,Alumni,42,Male,2,Yes,Decreasing,1.0,2870.4,1472.0,64,128,3968.0,96.2
571,Alumni,52,Non-binary,3,No,Stable,7.8,49.2,112.0,4,16,620.0,35.94
572,General Fan,54,Female,2,No,Decreasing,9.9,266.18,322.0,7,7,525.0,54.89
573,Alumni,23,Female,2,No,Decreasing,16.5,292.5,0.0,6,6,570.0,25.35
574,General Fan,18,Female,3,No,Increasing,34.6,92.25,115.0,5,25,1593.75,21.81
575,General Fan,57,Female,2,No,Decreasing,8.8,43.88,0.0,3,6,367.5,40.2
576,General Fan,29,Male,3,Yes,Decreasing,4.8,1779.4,2744.0,56,56,2100.0,44.43
577,Student,19,Male,1,No,Increasing,2.18,385.0,665.0,35,70,1400.0,53.85
578,General Fan,62,Male,2,No,Increasing,16.5,19.5,26.0,1,1,86.25,39.51
579,Alumni,40,Female,2,Yes,Stable,20.9,3018.6,3312.0,72,72,2736.0,55.32
580,Student,18,Male,2,No,Decreasing,0.91,107.25,0.0,5,15,506.25,32.68
581,Alumni,48,Female,2,Yes,Decreasing,23.3,3299.4,1944.0,72,216,9072.0,72.46
582,General Fan,28,Non-binary,2,No,Stable,24.7,0.0,108.0,3,21,787.5,38.67
583,Alumni,27,Female,2,No,Stable,12.2,429.98,0.0,9,72,5490.0,47.65
584,Alumni,28,Female,2,No,Decreasing,35.5,432.9,0.0,12,36,3645.0,56.82
585,General Fan,31,Male,2,No,Stable,11.5,320.78,329.0,7,42,1785.0,46.58
586,Student,19,Female,1,No,Stable,0.3,50.0,45.0,5,20,350.0,39.08
587,Student,21,Female,1,No,Decreasing,0.85,319.0,174.0,29,116,1740.0,32.0
588,Student,21,Male,1,No,Decreasing,0.48,234.0,0.0,9,27,337.5,42.07
589,Student,21,Male,1,No,Increasing,0.98,42.0,0.0,6,24,690.0,40.18
590,Student,21,Non-binary,2,No,Stable,2.01,0.0,144.0,8,16,480.0,46.27
591,Student,22,Female,1,No,Decreasing,1.34,112.0,0.0,8,32,600.0,58.63
592,General Fan,58,Female,2,Yes,Increasing,1.6,2914.28,2257.0,61,122,5734.0,31.64
593,Student,20,Female,2,No,Stable,1.22,54.6,6.0,2,2,35.0,50.09
594,Alumni,23,Female,3,Yes,Decreasing,18.9,1812.2,2236.0,52,156,6240.0,55.12
595,General Fan,37,Female,2,No,Increasing,26.8,0.0,0.0,5,35,1706.25,39.6
596,Alumni,25,Male,2,No,Decreasing,8.1,193.05,418.0,11,22,2502.5,60.34
597,General Fan,60,Male,3,No,Decreasing,25.0,70.73,75.0,3,3,348.75,44.29
598,Student,22,Male,1,No,Stable,0.81,21.0,25.0,1,1,37.5,40.18
599,Student,20,Female,2,No,Increasing,0.32,93.6,0.0,3,6,97.5,50.94
600,Student,22,Female,1,No,Stable,1.14,0.0,0.0,4,8,290.0,38.76
601,Student,18,Female,1,No,Decreasing,0.78,0.0,0.0,3,9,180.0,51.47
602,Student,21,Male,1,No,Increasing,0.98,189.0,198.0,9,27,675.0,41.1
603,Student,19,Female,2,No,Stable,1.44,351.0,220.0,20,20,350.0,77.15
604,Student,19,Female,1,No,Decreasing,1.28,46.0,0.0,2,2,55.0,37.0
605,Student,18,Female,2,No,Increasing,1.13,403.65,253.0,23,92,1495.0,49.83
606,Alumni,29,Female,3,No,Decreasing,14.6,282.9,336.0,12,12,1080.0,46.58
607,Student,19,Male,1,No,Stable,1.54,115.0,70.0,5,15,393.75,26.78
608,Alumni,61,Female,3,No,Increasing,23.3,1204.38,625.0,25,50,2937.5,55.81
609,Alumni,45,Male,2,Yes,Increasing,3.7,2327.33,3619.0,77,154,7161.0,46.01
610,General Fan,64,Male,3,No,Increasing,4.1,165.03,245.0,7,35,2843.75,42.81
611,Student,18,Female,1,No,Increasing,0.88,95.0,55.0,5,5,100.0,17.65
612,General Fan,23,Female,2,No,Stable,20.3,131.63,115.0,5,35,2800.0,48.1
613,General Fan,61,Non-binary,2,Yes,Decreasing,21.6,3408.6,2280.0,76,76,3344.0,64.04
614,Student,20,Female,1,No,Increasing,1.57,300.0,0.0,12,36,585.0,14.72
615,General Fan,31,Female,3,No,Increasing,6.7,306.48,416.0,13,13,1007.5,24.42
616,General Fan,19,Female,3,No,Increasing,32.4,45.1,192.0,4,8,340.0,38.82
617,Student,20,Female,1,No,Stable,1.81,105.0,50.0,5,15,243.75,42.29
618,Student,19,Male,1,No,Increasing,1.35,16.0,50.0,2,4,125.0,67.35
619,General Fan,37,Male,2,No,Stable,22.4,232.05,140.0,7,21,1155.0,51.85
620,General Fan,43,Male,2,Yes,Decreasing,27.8,2486.25,2325.0,75,225,7312.5,32.58
621,Student,19,Female,1,No,Increasing,0.4,104.0,128.0,8,16,460.0,50.76
622,Student,21,Male,2,No,Stable,1.34,29.25,12.0,3,6,187.5,36.5
623,Alumni,52,Male,2,Yes,Decreasing,15.6,3726.45,3276.0,91,91,3230.5,57.99
624,Alumni,23,Male,2,Yes,Stable,10.2,2511.6,2632.0,56,112,5152.0,21.92
625,General Fan,54,Non-binary,2,No,Stable,17.3,304.2,240.0,12,12,840.0,39.04
626,Alumni,30,Male,2,Yes,Increasing,30.8,1126.13,3619.0,77,231,9586.5,60.12
627,Alumni,50,Female,2,No,Increasing,2.0,448.5,500.0,10,60,7125.0,41.0
628,General Fan,31,Male,2,No,Stable,8.4,329.55,0.0,13,52,5525.0,76.98
629,Student,21,Female,2,No,Increasing,1.32,759.53,1025.0,41,123,3382.5,52.44
630,Student,22,Male,1,No,Increasing,0.72,0.0,0.0,4,4,80.0,85.56
631,General Fan,37,Male,2,Yes,Increasing,13.6,3112.2,1596.0,76,76,3420.0,26.36
632,General Fan,41,Female,2,No,Increasing,22.7,278.85,495.0,11,33,1113.75,45.69
633,Alumni,60,Male,2,No,Stable,15.3,585.0,408.0,24,96,9120.0,19.84
634,Alumni,51,Male,2,No,Increasing,18.0,759.53,304.0,19,57,4845.0,15.47
635,Student,21,Male,1,No,Decreasing,1.09,35.0,84.0,7,21,393.75,49.38
636,Alumni,46,Male,2,No,Decreasing,17.5,392.93,442.0,13,26,3055.0,47.92
637,Alumni,56,Male,2,No,Decreasing,22.0,397.8,588.0,12,24,1230.0,17.73
638,Student,18,Male,1,No,Increasing,0.34,288.0,144.0,12,48,1440.0,28.67
639,Student,19,Female,1,No,Stable,1.41,288.0,0.0,9,36,630.0,27.15
640,Alumni,60,Female,3,No,Increasing,40.4,295.2,684.0,18,36,2385.0,49.33
641,Student,22,Female,1,No,Stable,1.15,308.0,280.0,28,84,3045.0,36.21
642,Alumni,61,Male,2,Yes,Stable,17.3,799.5,3854.0,82,164,5904.0,34.18
643,Student,19,Non-binary,1,No,Decreasing,1.6,33.0,0.0,3,6,195.0,66.48
644,Alumni,37,Male,2,No,Decreasing,4.0,315.9,588.0,12,24,900.0,48.26
645,Student,22,Male,1,No,Decreasing,1.28,0.0,30.0,6,6,165.0,31.98
646,General Fan,62,Female,2,Yes,Increasing,7.7,1863.23,2275.0,91,273,13650.0,39.78
647,Alumni,33,Male,3,No,Stable,20.1,92.25,72.0,3,18,2182.5,42.98
648,General Fan,59,Male,2,Yes,Stable,7.7,3363.75,2250.0,75,150,5100.0,56.99
649,General Fan,25,Female,2,No,Increasing,11.6,61.43,132.0,3,9,405.0,20.95
650,Alumni,38,Female,2,No,Decreasing,1.0,136.5,616.0,14,28,1085.0,16.85
651,Student,19,Female,2,No,Stable,1.87,0.0,0.0,4,4,120.0,36.5
652,Alumni,25,Female,3,No,Stable,18.5,79.95,162.0,6,6,480.0,35.57
653,Alumni,46,Non-binary,3,No,Decreasing,6.3,246.0,240.0,16,96,3720.0,33.65
654,General Fan,49,Male,2,No,Decreasing,25.6,586.95,490.0,14,98,8085.0,40.46
655,Alumni,55,Male,2,Yes,Increasing,5.5,1632.15,2418.0,62,186,7440.0,37.12
656,Student,20,Male,1,No,Stable,1.22,50.0,30.0,5,10,300.0,49.3
657,Student,21,Male,1,No,Increasing,2.06,84.0,0.0,4,4,140.0,74.66
658,Alumni,39,Male,2,Yes,Decreasing,18.9,1637.03,2701.0,73,219,6898.5,17.4
659,General Fan,64,Non-binary,3,Yes,Increasing,1.0,1854.23,1675.0,67,67,3283.0,73.12
660,Alumni,51,Female,2,No,Increasing,10.5,136.5,0.0,5,10,1187.5,57.18
661,Alumni,61,Female,2,Yes,Decreasing,6.5,1681.88,1794.0,69,138,5796.0,56.68
662,General Fan,43,Male,2,No,Stable,23.8,292.5,528.0,12,48,6000.0,36.0
663,General Fan,60,Female,2,No,Increasing,19.6,307.13,360.0,15,105,2625.0,21.27
664,Student,19,Non-binary,2,No,Decreasing,0.6,0.0,40.0,2,2,42.5,65.27
665,Student,21,Female,1,No,Increasing,0.25,72.0,57.0,3,9,258.75,51.0
666,Student,22,Male,1,No,Increasing,2.21,120.0,30.0,5,5,187.5,40.73
667,Student,22,Female,1,No,Decreasing,0.69,42.0,0.0,2,8,180.0,53.68
668,Student,20,Male,2,No,Decreasing,1.65,131.63,0.0,9,36,1215.0,83.42
669,Student,19,Male,1,No,Increasing,1.68,0.0,161.0,7,7,210.0,72.52
670,Student,22,Male,1,No,Increasing,0.56,0.0,126.0,9,9,135.0,39.93
671,Student,19,Female,1,No,Increasing,1.81,0.0,21.0,7,28,595.0,30.53
672,General Fan,29,Female,2,Yes,Increasing,12.5,2211.3,2376.0,54,108,3456.0,39.87
673,Student,22,Male,2,No,Stable,0.33,298.35,0.0,9,36,1260.0,55.58
674,Alumni,25,Male,2,No,Stable,33.2,0.0,0.0,3,6,375.0,34.62
675,Alumni,42,Female,3,Yes,Increasing,5.0,2505.1,1924.0,52,156,6630.0,51.58
676,General Fan,63,Male,3,No,Decreasing,23.3,416.15,322.0,14,84,9135.0,14.55
677,Student,20,Male,1,No,Stable,0.62,0.0,42.0,2,8,110.0,47.96
678,Alumni,50,Male,2,No,Increasing,2.6,156.0,312.0,8,32,2240.0,49.97
679,General Fan,18,Female,2,No,Stable,15.3,195.0,368.0,8,8,620.0,56.47
680,General Fan,36,Male,2,No,Stable,15.2,210.6,405.0,9,27,3273.75,58.25
681,General Fan,48,Male,2,No,Increasing,1.0,877.5,702.0,18,90,4612.5,57.21
682,Student,18,Male,1,No,Increasing,1.22,85.0,15.0,5,15,431.25,43.92
683,Student,20,Non-binary,1,No,Stable,0.81,1064.0,570.0,38,76,2090.0,30.48
684,General Fan,22,Female,2,No,Decreasing,13.5,0.0,240.0,6,12,735.0,36.84
685,General Fan,58,Female,2,Yes,Increasing,28.3,2500.88,1824.0,57,114,5529.0,42.01
686,Alumni,43,Male,3,Yes,Increasing,17.1,3064.75,1885.0,65,130,6370.0,37.87
687,Alumni,45,Female,2,No,Decreasing,11.4,389.03,456.0,19,76,4655.0,24.02
688,Student,21,Male,1,No,Decreasing,1.43,1044.0,252.0,36,144,4140.0,69.67
689,General Fan,23,Female,2,Yes,Stable,27.9,4118.4,3432.0,88,264,8052.0,66.22
690,Student,20,Non-binary,1,No,Stable,0.5,462.0,336.0,14,28,980.0,31.56
691,Alumni,50,Female,2,No,Increasing,10.1,358.8,624.0,16,16,1560.0,57.33
692,Alumni,58,Female,2,No,Decreasing,8.8,565.5,460.0,20,80,8100.0,52.06
693,Alumni,42,Female,3,Yes,Decreasing,7.8,1356.08,1008.0,63,126,4158.0,37.51
694,Student,19,Male,1,No,Decreasing,1.19,232.0,58.0,29,116,3480.0,56.41
695,Student,19,Non-binary,1,No,Increasing,0.81,160.0,30.0,5,10,150.0,35.42
696,General Fan,30,Male,2,Yes,Stable,9.3,3744.0,2480.0,80,80,2880.0,51.82
697,Student,19,Female,1,No,Stable,1.77,420.0,231.0,21,84,2730.0,54.45
698,Alumni,58,Male,3,No,Decreasing,21.4,243.95,266.0,14,56,4270.0,50.29
699,Student,20,Male,2,No,Decreasing,1.92,20.48,0.0,1,3,112.5,41.76
700,Alumni,23,Male,3,Yes,Increasing,11.2,2009.0,2590.0,70,70,2590.0,48.86
701,Alumni,51,Male,3,Yes,Decreasing,1.0,2324.7,2916.0,81,162,5670.0,33.11
702,Student,20,Female,2,No,Decreasing,2.02,565.5,58.0,29,29,398.75,49.58
703,Alumni,63,Female,3,No,Decreasing,1.0,116.85,123.0,3,15,1668.75,53.54
704,Student,20,Male,1,No,Stable,0.79,667.0,437.0,23,69,862.5,37.33
705,Student,22,Male,1,No,Decreasing,1.65,0.0,0.0,4,4,75.0,32.46
706,General Fan,36,Female,3,No,Increasing,1.0,249.08,288.0,9,9,765.0,28.99
707,Alumni,23,Male,2,No,Stable,11.4,0.0,0.0,3,15,1368.75,41.02
708,General Fan,51,Female,2,No,Increasing,32.1,514.8,464.0,16,112,6020.0,31.87
709,Student,22,Female,1,No,Increasing,0.78,27.0,0.0,3,12,210.0,17.71
710,General Fan,30,Female,3,No,Increasing,1.0,248.05,517.0,11,22,1485.0,18.2
711,General Fan,58,Female,2,No,Decreasing,1.6,760.5,1000.0,20,20,750.0,17.82
712,Alumni,40,Male,2,No,Stable,11.0,430.95,624.0,13,39,2583.75,45.1
713,Alumni,36,Female,2,Yes,Decreasing,17.4,1521.0,2400.0,60,180,7110.0,83.85
714,Alumni,62,Male,2,No,Stable,5.6,245.7,480.0,12,60,2625.0,49.6
715,Alumni,28,Male,3,No,Decreasing,5.7,184.5,333.0,9,63,3622.5,59.48
716,General Fan,18,Female,3,No,Increasing,30.3,264.45,156.0,6,6,592.5,62.36
717,General Fan,41,Male,3,No,Stable,16.9,328.0,120.0,8,16,1440.0,53.98
718,General Fan,24,Female,2,Yes,Increasing,25.5,4078.43,3827.0,89,178,6408.0,62.55
719,Student,18,Female,1,No,Increasing,1.31,175.0,0.0,7,28,525.0,57.4
720,General Fan,38,Female,2,No,Decreasing,14.0,119.93,48.0,3,9,495.0,36.28
721,General Fan,32,Non-binary,2,Yes,Increasing,28.2,2482.35,3283.0,67,201,9045.0,55.81
722,Student,22,Male,1,No,Increasing,1.76,1312.0,328.0,41,41,1537.5,35.77
723,Student,21,Male,2,No,Decreasing,1.28,146.25,114.0,6,6,202.5,37.7
724,General Fan,24,Female,2,Yes,Decreasing,18.9,1272.38,1479.0,87,261,12006.0,22.02
725,Alumni,32,Male,3,No,Decreasing,4.6,49.2,66.0,2,4,235.0,35.18
726,General Fan,38,Female,3,No,Stable,14.8,307.5,480.0,12,12,1110.0,31.5
727,Student,21,Female,1,No,Decreasing,0.29,0.0,0.0,8,32,1000.0,30.45
728,General Fan,46,Female,2,No,Stable,21.7,0.0,148.0,4,8,500.0,34.39
729,Student,18,Male,1,No,Increasing,2.09,210.0,18.0,6,18,225.0,39.3
730,Student,18,Male,1,No,Decreasing,0.93,504.0,714.0,42,42,1102.5,39.1
731,Student,20,Male,2,No,Stable,1.54,1425.45,602.0,43,86,1827.5,80.43
732,General Fan,52,Male,2,No,Decreasing,1.0,92.63,80.0,5,15,543.75,54.93
733,General Fan,61,Female,3,No,Stable,9.9,492.0,630.0,15,30,2925.0,1.43
734,Alumni,55,Male,3,No,Increasing,11.2,98.4,204.0,6,48,1260.0,55.84
735,Alumni,43,Male,2,No,Increasing,1.0,185.25,240.0,5,40,5000.0,14.06
736,General Fan,28,Male,2,No,Decreasing,25.2,79.95,50.0,2,6,172.5,49.38
737,Alumni,52,Female,3,No,Increasing,2.4,106.6,288.0,8,48,5340.0,59.18
738,General Fan,25,Female,2,No,Stable,1.3,96.53,0.0,3,24,1530.0,50.2
739,Alumni,63,Male,3,No,Increasing,15.9,589.38,550.0,25,175,9406.25,43.63
740,Alumni,31,Male,2,Yes,Stable,24.7,1740.38,4080.0,85,170,5525.0,22.29
741,Alumni,27,Male,2,No,Stable,35.5,0.0,129.0,3,3,146.25,67.48
742,Alumni,58,Male,2,No,Increasing,20.8,561.6,384.0,12,36,1755.0,63.73
743,General Fan,63,Female,3,No,Increasing,30.8,98.4,272.0,8,24,1290.0,23.97
744,Alumni,26,Female,2,Yes,Stable,2.9,1390.35,2728.0,62,186,8742.0,57.46
745,Student,20,Male,1,No,Stable,0.76,68.0,76.0,4,16,500.0,20.82
746,General Fan,38,Male,3,No,Decreasing,1.0,426.4,688.0,16,48,4680.0,48.65
747,Alumni,43,Non-binary,2,No,Increasing,10.0,181.35,0.0,6,18,1305.0,55.83
748,Alumni,25,Female,2,Yes,Decreasing,20.6,2301.0,1416.0,59,118,5782.0,34.85
749,General Fan,19,Female,2,No,Decreasing,1.0,87.75,0.0,5,20,975.0,46.25
750,General Fan,23,Male,2,No,Increasing,5.7,146.25,228.0,6,24,2400.0,45.28
751,Student,20,Female,1,No,Stable,2.0,961.0,279.0,31,124,2480.0,62.24
752,General Fan,46,Male,2,Yes,Increasing,11.9,1170.0,3750.0,75,150,5475.0,72.08
753,General Fan,43,Female,3,No,Increasing,29.2,353.63,300.0,15,15,918.75,34.52
754,Alumni,42,Non-binary,3,No,Increasing,15.2,49.2,176.0,4,20,1150.0,16.82
755,Student,20,Male,1,No,Increasing,1.6,0.0,176.0,8,8,180.0,42.95
756,General Fan,22,Male,2,No,Increasing,1.0,78.98,129.0,3,9,945.0,29.66
757,General Fan,51,Male,3,No,Decreasing,19.7,190.65,102.0,6,18,1102.5,62.96
758,Alumni,54,Male,2,No,Increasing,22.9,280.8,592.0,16,32,800.0,47.22
759,General Fan,32,Male,2,No,Increasing,1.0,280.8,444.0,12,36,3960.0,44.95
760,General Fan,61,Male,3,No,Increasing,14.3,79.95,66.0,2,10,1175.0,51.26
761,Student,18,Female,1,No,Stable,0.99,126.0,0.0,21,63,1417.5,44.63
762,Alumni,32,Female,2,Yes,Decreasing,24.6,819.0,2380.0,70,210,9030.0,81.13
763,Student,19,Male,1,No,Decreasing,1.82,160.0,176.0,8,8,170.0,41.55
764,General Fan,40,Non-binary,2,No,Decreasing,6.2,497.25,0.0,15,45,2587.5,43.38
765,Student,19,Male,1,No,Stable,0.23,31.0,17.0,1,3,41.25,74.2
766,Alumni,63,Non-binary,3,No,Increasing,27.8,602.7,588.0,14,42,2677.5,33.22
767,General Fan,61,Male,3,No,Decreasing,25.4,248.05,550.0,22,110,2887.5,50.28
768,General Fan,60,Female,2,Yes,Stable,14.8,2118.68,2067.0,53,53,2491.0,23.73
769,Alumni,62,Female,2,Yes,Decreasing,25.2,1263.6,1377.0,81,162,4941.0,31.04
770,General Fan,38,Female,2,Yes,Increasing,1.0,3312.08,1817.0,79,158,5451.0,50.67
771,Student,20,Non-binary,1,No,Decreasing,1.9,63.0,39.0,3,6,225.0,63.03
772,General Fan,60,Male,3,No,Increasing,3.8,294.18,203.0,7,7,218.75,60.71
773,Student,18,Non-binary,1,No,Decreasing,0.43,0.0,60.0,4,4,115.0,39.53
774,Alumni,64,Male,2,No,Stable,4.4,42.9,78.0,2,2,167.5,39.41
775,General Fan,32,Male,2,No,Increasing,6.5,0.0,0.0,6,12,885.0,37.79
776,Student,21,Male,1,No,Stable,2.24,819.0,468.0,39,78,975.0,52.74
777,Student,22,Female,1,No,Increasing,2.22,192.0,0.0,8,16,480.0,14.45
778,General Fan,28,Male,3,No,Stable,10.5,100.45,308.0,7,7,682.5,20.63
779,General Fan,32,Female,3,No,Decreasing,18.7,107.63,93.0,3,24,1380.0,43.49
780,General Fan,21,Female,2,No,Increasing,20.0,0.0,0.0,7,35,2975.0,39.84
781,General Fan,38,Female,3,No,Increasing,18.9,61.5,246.0,6,48,4680.0,12.94
782,Alumni,30,Female,2,No,Stable,11.0,458.25,200.0,10,20,725.0,45.91
783,Student,22,Male,2,No,Increasing,0.49,0.0,189.0,9,36,1305.0,51.16
784,Alumni,36,Male,3,No,Increasing,29.1,385.4,176.0,8,40,2000.0,20.42
785,Student,20,Male,1,No,Increasing,1.23,168.0,0.0,8,16,560.0,28.62
786,General Fan,31,Male,2,Yes,Decreasing,6.6,2965.95,1560.0,78,156,5928.0,53.09
787,Alumni,23,Male,3,No,Decreasing,15.3,265.48,252.0,7,56,3780.0,44.37
788,Alumni,63,Male,3,Yes,Increasing,4.4,2265.25,2550.0,85,255,12622.5,60.93
789,Alumni,44,Male,3,No,Increasing,1.0,184.5,180.0,10,30,3337.5,58.24
790,General Fan,46,Non-binary,2,Yes,Increasing,25.9,1677.0,1548.0,86,86,3870.0,71.7
791,Student,20,Female,2,No,Increasing,0.75,0.0,42.0,2,4,110.0,26.58
792,Alumni,45,Male,3,No,Decreasing,11.0,79.95,147.0,3,3,123.75,38.81
793,Alumni,52,Female,2,No,Stable,22.6,537.23,608.0,19,133,7813.75,34.02
794,General Fan,25,Male,3,No,Increasing,17.7,174.25,75.0,5,25,1687.5,42.85
795,Student,20,Male,2,No,Increasing,1.48,836.55,858.0,39,117,3363.75,10.24
796,General Fan,59,Female,2,No,Increasing,4.0,78.0,0.0,5,5,456.25,39.37
797,General Fan,53,Female,2,No,Stable,18.4,351.98,817.0,19,133,12967.5,18.0
798,Alumni,47,Male,2,Yes,Stable,5.1,2129.4,1932.0,84,168,8148.0,30.05
799,General Fan,35,Non-binary,2,No,Stable,17.7,76.05,96.0,2,2,140.0,53.84
800,General Fan,19,Female,3,Yes,Increasing,16.4,1605.15,972.0,54,162,5670.0,43.82
801,General Fan,30,Female,2,No,Increasing,16.5,315.9,456.0,12,72,6120.0,42.2
802,Student,22,Female,1,No,Increasing,0.27,0.0,200.0,8,32,480.0,82.37
803,Alumni,43,Female,3,Yes,Increasing,15.4,1382.73,2059.0,71,142,4402.0,48.02
804,General Fan,42,Male,3,No,Decreasing,18.6,202.95,288.0,6,12,540.0,52.76
805,Alumni,47,Male,2,No,Stable,12.2,907.73,323.0,19,38,4227.5,38.77
806,General Fan,28,Male,2,No,Stable,17.6,0.0,110.0,5,15,1293.75,26.89
807,General Fan,24,Female,3,No,Stable,7.3,461.25,490.0,10,40,3350.0,50.16
808,General Fan,48,Female,2,No,Increasing,11.1,68.25,259.0,7,7,271.25,50.97
809,Alumni,61,Male,3,No,Decreasing,38.9,542.23,1081.0,23,46,4427.5,57.77
810,Student,19,Non-binary,1,No,Increasing,0.27,87.0,48.0,3,3,112.5,49.83
811,General Fan,56,Non-binary,3,No,Increasing,14.2,311.6,672.0,16,80,5600.0,72.54
812,General Fan,30,Female,2,No,Stable,10.4,203.78,396.0,11,66,3052.5,40.55
813,Student,20,Female,1,No,Increasing,1.98,364.0,65.0,13,52,650.0,38.71
814,General Fan,24,Female,3,No,Decreasing,19.2,49.2,132.0,3,3,165.0,44.59
815,General Fan,59,Male,2,No,Increasing,15.4,544.05,486.0,18,90,3600.0,25.65
816,Alumni,59,Female,3,No,Decreasing,24.1,428.45,950.0,19,57,4987.5,45.79
817,Alumni,53,Male,2,Yes,Stable,23.1,2839.2,3822.0,91,273,8736.0,28.22
818,Alumni,37,Female,3,Yes,Increasing,24.0,1510.85,2948.0,67,134,5762.0,21.61
819,Student,19,Male,1,No,Stable,0.6,35.0,0.0,7,28,840.0,51.07
820,Alumni,24,Female,2,No,Increasing,21.4,0.0,0.0,5,5,175.0,25.44
821,General Fan,18,Non-binary,2,Yes,Decreasing,21.7,2106.0,2340.0,90,90,3510.0,38.42
822,Student,21,Male,2,No,Stable,1.75,518.7,798.0,38,38,1425.0,39.61
823,Alumni,62,Female,2,No,Decreasing,11.8,0.0,300.0,6,6,405.0,59.62
824,Alumni,59,Non-binary,3,Yes,Stable,1.0,999.38,1105.0,65,195,8287.5,63.24
825,Alumni,64,Female,2,No,Increasing,21.7,73.13,0.0,3,21,1942.5,52.89
826,General Fan,30,Female,3,No,Decreasing,21.7,123.0,384.0,12,12,1215.0,54.6
827,Alumni,39,Female,2,Yes,Decreasing,29.3,1948.05,2738.0,74,222,6882.0,58.72
828,Alumni,38,Male,3,Yes,Stable,12.7,1750.7,1647.0,61,61,2745.0,23.45
829,General Fan,39,Male,2,No,Increasing,19.5,557.7,299.0,13,52,3900.0,37.51
830,Alumni,45,Male,3,Yes,Stable,24.9,1742.5,800.0,50,100,4950.0,55.44
831,Student,18,Female,1,No,Decreasing,0.67,660.0,33.0,33,33,1031.25,18.04
832,Alumni,43,Male,2,Yes,Increasing,5.9,2176.2,1872.0,72,72,2628.0,66.33
833,Student,21,Female,2,No,Decreasing,1.15,332.48,99.0,11,22,412.5,70.92
834,Student,19,Female,1,No,Increasing,2.11,126.0,288.0,18,54,1552.5,18.94
835,Alumni,27,Female,3,No,Decreasing,6.3,116.85,144.0,6,6,157.5,28.61
836,Alumni,41,Female,2,No,Stable,8.2,0.0,72.0,2,12,1485.0,17.6
837,General Fan,59,Non-binary,2,No,Decreasing,23.8,819.0,912.0,24,24,690.0,38.39
838,Alumni,25,Male,3,No,Decreasing,14.0,133.25,135.0,5,15,1500.0,29.79
839,Alumni,41,Female,3,Yes,Decreasing,18.1,3790.45,3268.0,86,86,2752.0,60.83
840,General Fan,33,Female,3,Yes,Increasing,9.5,2781.85,1180.0,59,59,2389.5,43.15
841,Student,22,Female,1,No,Increasing,1.69,0.0,60.0,6,12,450.0,28.26
842,General Fan,44,Non-binary,2,No,Decreasing,17.9,447.53,357.0,17,136,14790.0,59.34
843,Student,22,Male,1,No,Increasing,2.14,0.0,14.0,7,28,1015.0,51.35
844,General Fan,21,Male,2,No,Increasing,22.8,0.0,196.0,4,12,1035.0,66.78
845,Student,18,Female,1,No,Decreasing,0.32,684.0,532.0,38,38,617.5,39.98
846,Alumni,36,Male,2,No,Increasing,8.1,0.0,240.0,8,24,630.0,58.35
847,Student,22,Female,1,No,Increasing,1.59,448.0,288.0,32,128,2080.0,59.15
848,General Fan,56,Female,3,No,Decreasing,4.2,86.1,164.0,4,20,700.0,51.72
849,Alumni,27,Male,2,No,Increasing,35.7,114.08,57.0,3,6,690.0,70.24
850,Alumni,42,Female,2,No,Stable,7.1,549.9,252.0,12,36,2880.0,53.43
851,Student,18,Male,2,No,Stable,0.68,25.35,36.0,2,6,120.0,39.61
852,General Fan,36,Female,2,Yes,Stable,4.1,2718.3,1564.0,68,136,5440.0,47.46
853,Student,19,Female,2,No,Increasing,1.59,245.7,720.0,36,72,2430.0,38.54
854,General Fan,27,Non-binary,3,No,Stable,30.5,67.65,72.0,3,21,525.0,21.81
855,Student,20,Male,1,No,Stable,0.82,246.0,82.0,41,164,2460.0,54.54
856,Student,21,Female,2,No,Stable,1.55,165.75,125.0,5,10,362.5,50.35
857,Student,19,Female,1,No,Increasing,1.89,120.0,0.0,8,24,780.0,55.36
858,Alumni,52,Female,2,No,Decreasing,24.8,292.5,660.0,15,45,4556.25,47.2
859,Alumni,61,Female,2,No,Stable,19.0,39.98,0.0,1,3,287.5,38.87
860,Student,19,Male,1,No,Decreasing,1.2,185.0,740.0,37,111,1665.0,22.09
861,General Fan,50,Male,2,No,Decreasing,1.0,165.75,714.0,17,51,2868.75,24.67
862,Alumni,38,Male,2,Yes,Decreasing,10.3,622.05,1102.0,58,174,8352.0,31.52
863,Alumni,34,Female,3,No,Decreasing,27.0,717.5,350.0,14,28,1610.0,70.89
864,Alumni,39,Male,3,No,Increasing,11.6,47.15,26.0,1,4,288.75,58.08
865,Alumni,54,Male,2,Yes,Decreasing,16.4,2115.75,2976.0,62,186,5859.0,67.13
866,Alumni,32,Non-binary,2,No,Increasing,1.0,253.5,585.0,13,65,4550.0,53.77
867,Student,20,Male,1,No,Decreasing,1.25,195.0,0.0,15,45,1293.75,54.09
868,Student,18,Non-binary,1,No,Increasing,0.99,45.0,35.0,5,15,487.5,54.32
869,General Fan,24,Female,3,No,Decreasing,2.2,49.2,76.0,4,20,1725.0,3.4
870,General Fan,49,Female,3,No,Increasing,22.2,292.13,399.0,19,57,2422.5,48.75
871,Alumni,28,Male,2,No,Decreasing,16.8,0.0,0.0,5,10,775.0,30.79
872,Student,19,Male,1,No,Stable,2.24,0.0,112.0,7,21,735.0,46.1
873,General Fan,26,Female,2,Yes,Increasing,12.2,1638.0,1680.0,80,80,2760.0,61.86
874,Alumni,31,Female,3,Yes,Increasing,10.1,2333.93,3105.0,69,69,2380.5,57.08
875,Student,21,Female,1,No,Increasing,0.4,72.0,0.0,9,27,843.75,36.35
876,Student,21,Male,1,No,Stable,1.19,77.0,22.0,11,33,495.0,49.5
877,General Fan,19,Female,3,No,Decreasing,10.7,270.6,138.0,6,42,3097.5,34.03
878,General Fan,52,Female,2,No,Decreasing,33.1,477.75,260.0,10,60,5625.0,61.01
879,Student,21,Female,1,No,Increasing,1.01,112.0,20.0,4,4,65.0,57.55
880,Student,19,Female,2,No,Decreasing,1.99,450.45,165.0,33,33,825.0,25.98
881,Student,19,Female,1,No,Stable,1.86,90.0,48.0,3,12,180.0,27.13
882,General Fan,20,Female,2,No,Stable,21.2,149.18,234.0,9,9,247.5,41.43
883,Student,20,Male,1,No,Decreasing,2.14,14.0,44.0,2,2,70.0,43.49
884,Student,22,Female,1,No,Increasing,1.79,60.0,72.0,3,6,120.0,35.94
885,General Fan,58,Male,3,No,Increasing,13.8,871.25,612.0,17,34,3867.5,32.24
886,Student,19,Male,1,No,Increasing,0.85,432.0,324.0,36,144,4500.0,32.57
887,General Fan,56,Male,2,Yes,Increasing,15.9,3744.0,3440.0,80,240,8160.0,76.45
888,Student,20,Male,1,No,Increasing,0.27,330.0,0.0,15,15,562.5,28.19
889,Student,18,Male,1,No,Increasing,1.24,44.0,20.0,4,4,90.0,30.5
890,Student,20,Male,1,No,Increasing,2.1,105.0,126.0,7,7,166.25,49.79
891,General Fan,21,Female,3,No,Stable,9.0,138.38,288.0,9,18,1507.5,59.38
892,General Fan,43,Non-binary,2,No,Decreasing,1.0,0.0,184.0,4,28,875.0,46.9
893,General Fan,55,Male,2,No,Stable,1.0,354.9,644.0,14,70,7087.5,40.25
894,Alumni,59,Non-binary,2,Yes,Stable,14.0,2053.35,2496.0,78,234,8073.0,43.87
895,General Fan,49,Female,3,Yes,Increasing,30.7,861.0,4200.0,84,168,6972.0,51.54
896,Student,19,Male,1,No,Stable,0.87,465.0,124.0,31,31,736.25,32.98
897,Student,19,Male,1,No,Increasing,2.14,238.0,98.0,7,28,1050.0,18.08
898,General Fan,63,Female,2,No,Decreasing,20.1,0.0,217.0,7,56,2170.0,19.81
899,Student,20,Female,2,No,Increasing,1.59,190.13,507.0,39,78,1852.5,47.19
900,Student,21,Female,1,No,Stable,0.5,87.0,54.0,3,9,326.25,55.33
901,Student,22,Male,1,No,Increasing,1.77,315.0,0.0,9,9,213.75,0.93
902,Student,18,Male,1,No,Increasing,1.18,0.0,0.0,6,12,150.0,34.49
903,Student,20,Male,2,No,Stable,0.62,56.55,32.0,2,2,47.5,25.72
904,Alumni,37,Male,3,No,Increasing,13.5,180.4,128.0,8,48,2100.0,32.54
905,Alumni,26,Male,3,No,Decreasing,11.3,124.03,517.0,11,22,1320.0,38.54
906,General Fan,25,Male,2,No,Stable,10.4,0.0,0.0,7,7,717.5,47.83
907,General Fan,50,Female,2,No,Stable,18.1,180.38,230.0,5,25,1406.25,11.72
908,Alumni,23,Non-binary,3,No,Stable,8.2,252.15,240.0,6,6,405.0,53.49
909,Student,21,Male,2,No,Stable,0.47,1190.48,851.0,37,111,2775.0,8.47
910,Alumni,56,Non-binary,3,Yes,Increasing,16.4,3280.0,2640.0,80,240,8520.0,58.9
911,Alumni,27,Male,3,No,Stable,36.0,86.1,124.0,4,20,1400.0,12.86
912,Student,20,Female,1,No,Decreasing,0.33,574.0,492.0,41,164,4510.0,31.08
913,General Fan,19,Male,2,Yes,Decreasing,15.3,2486.25,1326.0,51,51,1887.0,28.47
914,Alumni,23,Female,2,No,Increasing,19.3,0.0,258.0,6,18,1822.5,18.08
915,Alumni,61,Non-binary,2,No,Decreasing,12.4,0.0,186.0,6,18,562.5,62.66
916,Alumni,44,Female,2,No,Stable,1.6,780.0,352.0,16,112,8820.0,33.08
917,Student,22,Male,1,No,Stable,0.56,24.0,21.0,3,3,82.5,52.95
918,General Fan,38,Female,3,Yes,Decreasing,18.4,3824.28,3458.0,91,182,8736.0,54.36
919,General Fan,25,Male,2,No,Increasing,2.3,0.0,276.0,6,36,3015.0,71.22
920,Student,18,Female,1,No,Increasing,1.2,63.0,9.0,3,9,146.25,19.68
921,General Fan,25,Female,2,Yes,Stable,12.0,1901.25,3510.0,78,234,11466.0,99.9
922,Alumni,56,Male,3,Yes,Stable,14.6,2501.0,1708.0,61,61,2196.0,43.91
923,General Fan,61,Female,2,Yes,Decreasing,15.0,2459.93,4089.0,87,87,3654.0,23.65
924,General Fan,20,Female,2,No,Increasing,30.7,0.0,287.0,7,14,857.5,40.49
925,Alumni,39,Male,2,No,Decreasing,5.3,156.0,256.0,16,128,8320.0,34.08
926,Student,19,Female,2,No,Decreasing,1.07,211.58,0.0,7,7,210.0,20.47
927,Student,22,Male,1,No,Stable,2.07,1102.0,190.0,38,76,1235.0,36.03
928,Alumni,40,Female,3,Yes,Decreasing,5.8,1694.33,2565.0,57,171,8122.5,43.13
929,General Fan,61,Female,2,Yes,Increasing,8.3,2448.23,1953.0,93,93,3534.0,74.55
930,Student,18,Female,1,No,Decreasing,1.62,0.0,2.0,1,1,37.5,29.26
931,Student,19,Female,1,No,Increasing,1.1,99.0,165.0,11,33,660.0,48.8
932,General Fan,34,Female,2,No,Stable,17.6,119.93,0.0,3,15,1837.5,58.45
933,General Fan,52,Male,3,No,Increasing,6.2,530.95,364.0,14,84,3150.0,61.96
934,Alumni,51,Female,2,Yes,Decreasing,18.0,3726.45,3666.0,78,78,3081.0,49.82
935,Student,20,Male,2,No,Increasing,1.82,181.35,217.0,31,124,1705.0,27.27
936,Student,22,Female,2,No,Decreasing,1.02,23.4,12.0,4,12,450.0,43.39
937,Student,20,Male,1,No,Decreasing,1.76,184.0,184.0,8,8,120.0,29.09
938,General Fan,39,Male,2,No,Stable,7.9,468.0,410.0,10,80,3800.0,59.5
939,Student,21,Female,1,No,Increasing,1.63,30.0,3.0,1,3,90.0,19.92
940,Alumni,53,Male,3,Yes,Increasing,15.8,2767.5,1575.0,75,75,2475.0,96.89
941,Student,18,Female,1,No,Increasing,1.6,40.0,72.0,8,8,130.0,68.37
942,Alumni,30,Male,2,No,Decreasing,4.7,0.0,174.0,6,6,397.5,23.08
943,General Fan,46,Male,3,Yes,Increasing,13.5,1791.7,1672.0,76,228,10260.0,66.61
944,General Fan,48,Female,2,No,Decreasing,8.6,146.25,0.0,6,48,3600.0,18.54
945,Student,19,Male,1,No,Stable,1.28,72.0,176.0,8,16,360.0,53.14
946,Student,20,Male,2,No,Stable,1.2,126.75,100.0,5,10,250.0,24.97
947,Student,18,Female,2,No,Decreasing,1.46,93.6,8.0,8,16,280.0,49.34
948,General Fan,47,Male,3,No,Decreasing,11.4,57.4,86.0,2,2,155.0,18.54
949,General Fan,33,Female,3,No,Increasing,24.7,132.23,150.0,3,3,277.5,24.06
950,Alumni,29,Male,2,No,Decreasing,28.6,25.35,20.0,1,5,103.75,33.26
951,General Fan,34,Male,2,No,Stable,19.9,573.3,456.0,12,24,2250.0,47.34
952,General Fan,33,Female,2,No,Increasing,13.6,351.0,450.0,10,30,1950.0,64.6
953,Student,20,Male,1,No,Decreasing,1.0,21.0,0.0,3,9,292.5,50.97
954,General Fan,25,Male,3,No,Stable,20.5,96.35,40.0,2,8,510.0,38.86
955,Alumni,37,Male,2,No,Stable,17.3,321.75,420.0,10,50,2250.0,41.61
956,Alumni,23,Male,3,No,Increasing,1.0,297.25,460.0,10,30,2625.0,63.35
957,Alumni,33,Female,2,No,Decreasing,20.7,479.7,588.0,12,24,990.0,60.85
958,Student,22,Male,1,No,Increasing,0.61,0.0,154.0,7,7,122.5,41.04
959,Student,19,Female,2,No,Increasing,0.49,21.45,6.0,1,3,71.25,17.16
960,General Fan,40,Female,2,Yes,Stable,1.0,1370.85,2812.0,74,222,9546.0,85.87
961,Student,22,Male,1,No,Stable,1.06,24.0,0.0,3,9,337.5,38.08
962,General Fan,57,Non-binary,2,Yes,Stable,4.8,1453.73,2343.0,71,142,4970.0,49.94
963,Student,21,Male,1,No,Increasing,2.04,36.0,100.0,4,4,120.0,22.37
964,Alumni,37,Non-binary,2,Yes,Stable,11.4,2780.7,1380.0,92,92,3634.0,56.73
965,Student,18,Male,2,No,Decreasing,1.83,0.0,175.0,7,21,708.75,31.08
966,Alumni,61,Female,2,Yes,Increasing,13.5,1965.6,2457.0,63,63,2803.5,38.3
967,General Fan,18,Female,2,Yes,Decreasing,8.7,2053.35,1701.0,81,162,6723.0,82.16
968,Student,19,Male,2,No,Increasing,1.56,481.65,380.0,38,114,3705.0,32.69
969,Alumni,38,Female,2,No,Stable,20.2,131.63,120.0,5,35,3368.75,42.38
970,Alumni,37,Female,2,No,Decreasing,10.0,63.38,130.0,5,35,3237.5,56.05
971,General Fan,23,Male,3,No,Increasing,14.4,184.5,225.0,9,9,371.25,26.68
972,General Fan,39,Male,2,No,Increasing,29.1,351.0,255.0,15,15,543.75,34.14
973,General Fan,35,Female,2,No,Increasing,24.6,41.93,0.0,1,3,60.0,50.65
974,Student,18,Female,2,No,Increasing,0.75,0.0,20.0,5,10,375.0,67.7
975,Student,18,Non-binary,1,No,Decreasing,1.71,0.0,0.0,4,4,110.0,58.74
976,Student,20,Female,1,No,Stable,0.65,666.0,703.0,37,111,2636.25,46.35
977,Alumni,50,Non-binary,2,Yes,Increasing,10.6,1898.33,2419.0,59,177,8496.0,69.17
978,Student,18,Female,1,No,Increasing,1.69,56.0,0.0,7,21,367.5,30.65
979,Alumni,29,Male,2,No,Decreasing,15.3,105.3,192.0,4,8,540.0,56.6
980,Alumni,55,Male,2,No,Stable,22.4,214.5,820.0,20,40,3200.0,17.49
981,Alumni,51,Female,3,No,Increasing,24.0,199.88,221.0,13,39,2925.0,41.89
982,General Fan,31,Female,2,No,Increasing,11.7,167.7,124.0,4,24,900.0,29.64
983,Student,22,Male,1,No,Decreasing,0.26,195.0,247.0,13,13,373.75,59.13
984,Student,18,Male,2,No,Increasing,0.45,390.0,256.0,16,16,480.0,66.63
985,General Fan,40,Non-binary,3,Yes,Increasing,9.8,803.6,1848.0,56,56,2688.0,57.94
986,Alumni,62,Female,2,No,Stable,2.5,436.8,658.0,14,112,4200.0,33.49
987,General Fan,19,Male,2,No,Decreasing,26.4,0.0,84.0,3,6,667.5,40.74
988,Alumni,58,Female,3,No,Decreasing,3.2,287.0,308.0,7,28,3150.0,50.86
989,Student,21,Male,1,No,Stable,1.9,0.0,7.0,1,1,30.0,51.8
990,General Fan,19,Male,3,Yes,Decreasing,1.0,2181.2,1288.0,56,56,2128.0,60.18
991,General Fan,44,Male,3,No,Increasing,21.6,546.33,429.0,13,78,8092.5,32.43
992,General Fan,26,Male,2,No,Increasing,13.6,482.63,0.0,11,22,632.5,36.38
993,Student,19,Female,1,No,Increasing,2.24,189.0,21.0,7,14,367.5,22.9
994,Alumni,28,Male,2,No,Increasing,3.7,93.6,0.0,8,48,4380.0,10.56
995,Alumni,44,Female,2,No,Decreasing,9.4,62.4,104.0,4,12,1125.0,34.05
996,Student,18,Female,2,No,Stable,0.73,650.33,0.0,23,69,1897.5,52.9
997,General Fan,43,Male,2,No,Stable,13.5,0.0,180.0,5,10,937.5,27.96
998,Student,22,Female,1,No,Decreasing,0.46,476.0,252.0,14,28,490.0,69.6
999,General Fan,35,Female,2,Yes,Increasing,11.7,1170.0,3375.0,75,225,8437.5,29.5
1000,Alumni,23,Female,2,Yes,Increasing,11.6,2242.5,1650.0,50,150,5100.0,30.31
